port1_H,port2_H,port3_H,port4_H,port1_D,port2_D,port3_D,port4_D,V1,V2,V3,V4,Cost
0.17040721397951952,0.3311219539276524,0.055588886674233624,0.4428819454185943,0.3367950279233651,0.17142165015093935,0.23991956836573322,0.25186375355996243,-1989.5711364376693,-1989.5711364376693,1989.5711364376693,1989.5711364376693,0.004327486880335483
0.19683428708832787,0.30241320548877304,0.027164439699543567,0.47358806772335554,0.31256633196771616,0.19428630832891805,0.215596743260237,0.27755061644312884,-2223.5710012890363,-2223.5710012890363,1755.5712715863024,2223.5710012890363,0.4383037008549404
0.16454865657793408,0.33627481384115876,0.04346046222305321,0.45571606735785397,0.2704418252052717,0.23909685209739595,0.24147593609900764,0.24898538659832464,-2417.6917382564448,-2029.4502643216279,1949.6920085537108,2417.6917382564448,0.44793950485967543
0.1783207926049403,0.32478950388143757,0.09767917566268135,0.3992105278509407,0.12681066272484803,0.39559953479740256,0.36320830652576336,0.11438149595198613,-3324.3972057107057,-1122.7447968673669,1042.9865410994498,3324.3972057107057,0.4399014689921322
0.19421083692971722,0.30851299354715567,0.09882651023213941,0.3984496592909877,0.12131890719631197,0.4012624215008647,0.3603532884838087,0.11706538281901456,-3189.6693706349515,-1257.472631943121,1177.714376175204,3459.12504078646,0.32219531514311717
0.22597952027095725,0.27788754521754006,0.13291349631367694,0.36321943819782565,0.022886844849100446,0.4986386355734692,0.28972496930439545,0.18874955027303486,-3746.0907163083652,-701.0512862697075,621.2930305017904,4015.5463864598737,0.3058807587402919
0.21519738279725273,0.2847980328278113,0.054618149919062664,0.4453864344558733,0.009169874997323413,0.5085848458125417,0.22927854416893664,0.2529667350211982,-4085.04661130854,-362.09539126953297,960.248925501965,3676.590491459699,0.37189221367196496
0.17512881855487858,0.32806327635947585,0.093015991092524,0.40379191399312164,0.0033558344726212315,0.5171309501990485,0.263937154945424,0.21557606038290608,-3806.3095515667524,-83.35833152774529,681.5118657601773,3397.8534317179115,0.5003041594282869
0.1742081337075223,0.32890344938201255,0.08981904397818306,0.4070693729322822,0.003763674048617727,0.5169065132401053,0.26577370120394894,0.213556111507328,-3827.85401087671,-104.90279083770315,703.0563250701351,3376.3089724079537,0.49621394993816803
0.18447719366972504,0.3174992351082071,0.07628562054784985,0.4217379506742181,0.003939284462083963,0.5159615551052311,0.25399042398777166,0.2261087364449132,-3928.640915982134,-205.68969594312705,803.843230175559,3477.0958775133777,0.49718594424551027
0.2224698791243055,0.28659672204711223,0.21368361331468808,0.2772497855138942,0.019670252777422355,0.5036280853076338,0.3129031541406271,0.16379850777431676,-3359.1176616000803,-775.2129503251809,234.31997579350514,4046.6191318954316,0.5030690118467818
0.1469602867426098,0.3654264599046531,0.2321667332945071,0.2554465200582301,0.004911479559733999,0.5127578772762938,0.214344498427501,0.2679861447364711,-2947.057550400915,-363.1528391260155,646.3800869926706,4458.679243094597,0.33999243725301387
0.14188487724652096,0.3601936969350246,0.049242048186048444,0.448679377632406,0.05171811669490331,0.4645609506575644,0.19215102334715206,0.2915699093003802,-3866.8720763666074,556.6616868396773,1566.1946129583635,3538.8647171289044,0.54040161513766
0.14996636095448848,0.35163642263568484,0.04841655147962013,0.44998066493020666,0.03473662467348719,0.4821560450971028,0.19860382849653663,0.2845035017328733,-4007.512174427856,416.021588778429,1425.5545148971153,3398.224619067656,0.6028307396818194
0.2809325532933945,0.21493248817778848,0.007883191312966414,0.49625176721585057,0.06164418302796778,0.44956459474052124,0.12379186367198977,0.36499935855952126,-4457.500806360586,-33.96704315430054,1875.5431468298448,3848.2132510003858,0.5990992309685567
0.33033238790763086,0.1651015523908341,0.012355239170034026,0.49221082053150106,0.08281947764990107,0.42621868716812167,0.09973153122984761,0.39123030395212954,-4608.698220387734,-185.16445718144936,2026.7405608569936,3999.4106650275344,0.5635697390402761
0.3304167180542428,0.16529587399900605,0.012177608651780419,0.4921097992949706,0.08359660498555824,0.42588136786705844,0.10103890717309458,0.3894831199742887,-4621.928549413871,-171.9341281553123,2039.9708898831307,3986.1803360013973,0.543365637439378
0.33325108861480607,0.16228245788158185,0.012798868493491718,0.4916675850101204,0.08142950655761938,0.4275449716655936,0.10011100082053558,0.39091452095625145,-4672.353550115331,-222.3591288567718,1989.545889181671,3935.755335299938,0.5406899894583925
0.2906651359888855,0.20558571901965458,0.005332034406617087,0.49841711058484295,0.03653232184727121,0.4752009225379088,0.13224439529996876,0.3560223603148513,-5030.855400051344,-580.8609787927851,1631.0440392456578,3577.253485363925,0.5416782747305946
0.3128224458604267,0.18280914073066906,0.0082356504872541,0.4961327629216502,0.05528963078481648,0.4551386214919729,0.11490626012060433,0.3746654876026063,-5227.482771324544,-384.2336075195848,1827.671410518858,3773.8808566371254,0.5662952103305173
0.33660471759880534,0.15860621399238736,0.015325695709662098,0.48946337269914525,0.06341740366283614,0.44463992670399916,0.09245032832624983,0.3994923413069148,-5497.601599911817,-654.3524361068582,1557.5525819315844,4043.999685224399,0.5561079729517939
0.31913571414056924,0.1767565060841387,0.009711256124530936,0.49439652365076114,0.05071239029247577,0.4586845175507864,0.1075013903584496,0.3831017017982882,-5669.597565118054,-826.3484013130952,1729.5485471378215,3872.003720018162,0.5626114766889867
0.3347163406991937,0.16124153165933577,0.015190669497981535,0.4888514581434889,0.06291148244347672,0.44507163704507213,0.0933318595878789,0.3986850209235723,-5493.321313711375,-1002.6246527197743,1905.8247985445005,4048.279971424841,0.5655392249671863
0.3816626623523207,0.11394090784765723,0.043418985867201505,0.4609774439328206,0.1013384757060327,0.4031571510119459,0.0604191161044337,0.4350852571775876,-5060.803935012676,-570.1072740210752,1473.3074198458014,4480.79735012354,0.5628391423712278
0.36509613317323136,0.1303488587888555,0.028445084828351386,0.47610992320956186,0.09371884761275324,0.4121230827661955,0.06647019300060618,0.42768787662044505,-5308.969362128733,-321.94184690501856,1721.472846961858,4232.631923007483,0.5421084228711448
0.3561696220133076,0.13933392632980585,0.021040539695240924,0.4834559119616457,0.08279752697053543,0.4242456180775093,0.0769338320943052,0.4160230228576501,-5201.769576707775,-429.1416323259769,1828.6726323828163,4125.432137586525,0.556871111202173
0.35480304015850295,0.14066541520591133,0.020596211005242265,0.48393533363034336,0.08192670231753983,0.4250357635166108,0.07777239516122901,0.4152651390046204,-5192.306418777208,-419.6784743954098,1819.2094744522492,4115.968979655958,0.5574386884279564
0.3577468976999548,0.1375865169076224,0.021745824380574312,0.4829207610118485,0.08541772879447901,0.4213548717232461,0.075639390319393,0.41758800916288186,-5160.745525078476,-388.1175806966782,1850.7703681509809,4147.52987335469,0.5577209381021152
0.3615742071119525,0.1335972265958248,0.024876967713791973,0.4799515985784307,0.09080979118913006,0.4154633102239237,0.07053954874040166,0.42318734984654466,-5217.390635796297,-331.4724699788576,1794.1252574331602,4204.174984072511,0.5564573285296188
0.3796503389474216,0.11534102112634088,0.034157320279251877,0.4708513196469856,0.11867434966849409,0.3858840788910102,0.05685345479806544,0.4385881166424302,-5405.390829385125,-143.47227639002998,1982.1254510219878,4392.175177661338,0.5572373997032236
0.3661777810614346,0.12962596085957992,0.025905500575824306,0.478290757503161,0.09459539112433972,0.4131140610839537,0.0868100441761219,0.40548050361558463,-5651.058999897117,-389.1404469020223,2227.79362153398,4146.507007149346,0.547686214133712
0.32998066157801653,0.16942928922110212,0.045823524413198716,0.4547665247876827,0.11583196652848492,0.4013547707250299,0.21678460108258554,0.2660286616638996,-6129.902464190994,89.70301739185436,2706.637085827857,3667.663542855469,0.5224295884273448
0.30793259218098823,0.19442658939467594,0.07763466045514049,0.42000615796919544,0.1733421372532531,0.34930447297179806,0.31769044059989154,0.15966294917505724,-5833.56602322634,386.0394583565079,3002.9735267925107,3371.3271018908154,0.33310131483428024
0.2979102805352616,0.20487336017886204,0.07834034692642386,0.41887601235945254,0.1631429622191822,0.3597231134346152,0.3190570486934296,0.15807687565277295,-5735.8819136755665,288.3553488057346,2905.2894172417373,3273.642992340042,0.2074786211027037
0.29544280701578085,0.20467906336099587,0.046695326986020594,0.4531828026372027,0.17318983101154586,0.34667489162549514,0.2777297405577882,0.20240553680517084,-5993.250519613907,545.7239547440753,2647.9208113033965,3531.0115982783827,0.218178823084017
0.32450239692438043,0.1735073628821542,0.032833555093796256,0.4691566850996691,0.13913497401789493,0.37682205290917603,0.21312593972663135,0.2709170333462977,-5717.10919789537,269.58263302553814,2371.779489584859,3807.15291999692,0.2719962182194074
0.42053560717781124,0.08254728121043167,0.13216083498881137,0.36475627662294574,0.13523023559831696,0.3762476574566335,0.1484478133097147,0.3400742936353348,-6457.430165436937,-470.73833451602945,3112.1004571264266,4547.473887538487,0.33958014319081886
0.35694781015308835,0.14207076596601384,0.048495866326463334,0.4524855575544345,0.13758199243822664,0.3783219979296857,0.20163299197225557,0.28246301765983217,-7096.209557989105,168.04105803613822,2473.321064574259,3908.6944949863196,0.3078461328597633
0.3398738512333358,0.1583863507471545,0.038700604854530106,0.46303919316497966,0.1401595497014522,0.37559750054546753,0.20778906723831606,0.2764538825147642,-6996.483666647645,267.7669493775977,2373.5951732327994,3808.96860364486,0.32049947225272046
0.33564253860966903,0.16329654540686078,0.04504815381220786,0.45601276217126235,0.1344951580251721,0.3823020699957416,0.22228320473624827,0.26091956724283794,-6914.986396868506,186.2696795984586,2455.0924430119385,3727.471333865721,0.33007341788810474
0.34968516164003416,0.1461427260313077,0.01846193442542465,0.4857101779032335,0.1841022727811589,0.32648193066617365,0.1427115588480346,0.34670423770463293,-7367.2703667248115,638.5536494547641,2002.808473155633,4179.755303722027,0.3143177317568301
0.3521458031491915,0.14306141519484314,0.018920060328783187,0.485872721327182,0.20943116241177986,0.29842919209967633,0.11902585318534463,0.3731137923031991,-7501.40114068381,772.6844234137627,1868.6776991966344,4313.886077681025,0.4111460413002338
0.37255508580270025,0.12254356100672337,0.027822137741852087,0.47707921544872434,0.28252017659996304,0.22493108028161277,0.13704066867382503,0.35550807444459914,-7827.664661198682,1098.9479439286345,2194.941219711506,4640.149598195897,0.4399140074074726
0.41208793547464406,0.08392471982182102,0.06171488158844855,0.44227246311508644,0.2933754182346587,0.21014725511043086,0.08794754516766756,0.40852978148724284,-7583.015263552404,854.2985462823565,1950.2918220652282,4884.798995842175,0.3918596159506676
0.39895655732748597,0.09734768040077625,0.06331776951195807,0.44037799275977957,0.3123722534341032,0.19013954511116357,0.07785247981080073,0.41963572164393254,-7758.039494515662,1029.3227772456148,1775.2675911019699,5059.8232268054335,0.42708253590176215
0.36840252357172903,0.1280921739536155,0.07057040282806516,0.4329348996465904,0.3507930912278446,0.14919388787451207,0.06695006938988793,0.43306295150775537,-7507.497033323095,1279.8652384381817,1524.725129909403,5310.365687998001,0.4529131937988427
0.37133035675078446,0.12564941033886706,0.06904948675731627,0.43397074615303216,0.3474885773428279,0.15280604421460905,0.06814602574915192,0.4315593526934111,-7543.212282517879,1244.1499892433974,1560.4403791041873,5274.650438803216,0.4950044841307825
0.3707359037571803,0.12690088391140603,0.08244506165587971,0.4199181506755339,0.3360951288586449,0.1635167392608601,0.04888349153842105,0.45150464034207394,-7706.865169314932,1080.4971024463448,1396.7874923071345,5438.303325600269,0.490354195327818
0.37636876427058513,0.121007857919819,0.07974685655365632,0.4228765212559395,0.3291340351015778,0.17055827467445286,0.05055601035789518,0.44975167986607406,-7772.959874716469,1014.4023970448077,1462.8821977086716,5372.208620198732,0.5121364833760456
0.3749204258986536,0.12168557586461003,0.07163728230311982,0.43175671593361653,0.3378098992887975,0.16265685546554282,0.06224039957820943,0.43729284566745014,-7892.970361067094,1134.4128833954323,1582.8926840592962,5492.219106549357,0.5060078854465936
0.35096985758844595,0.14664586427809298,0.08032852999235002,0.42205574814111096,0.36590562094896123,0.13343479140968045,0.05759291773855367,0.4430666699028046,-7664.16617961081,1363.2170648517163,1354.0885026030123,5263.414925093073,0.4932165839284827
0.3483926093192429,0.15071932257230114,0.10152404979920786,0.39936401830924817,0.3510882871595972,0.1469319833684332,0.03637611724447416,0.4656036122274954,-7470.455332434931,1169.506217675837,1160.377655427133,5069.704077917194,0.5213270232131635
0.25116119428101435,0.24561367283928623,0.0070299549100961605,0.49619517796960333,0.41195403592938,0.09070866222832172,0.12301236324830973,0.3743249385939885,-6610.155710372382,2029.805839738386,2020.6772774896822,4209.404455854645,0.5426667435915726
0.2554115823194681,0.2411240822180913,0.005222044731388906,0.49824229073105164,0.430778124200635,0.0719703543256607,0.13513057999837322,0.362120941475331,-6721.909567032556,2141.55969639856,2132.431134149856,4321.158312514819,0.5758270140778864
0.2556825908580464,0.2408247723412001,0.005180851669745466,0.498311785131008,0.43102075862024863,0.07121937972879902,0.1355183754857913,0.3622414861651611,-6724.39734120289,2144.0474705688944,2134.9189083201904,4323.646086685153,0.568023136391215
0.2418695019314356,0.2650215015673548,0.11953115342673558,0.37357784307447384,0.370379987456872,0.1481997642011351,0.35054801532920005,0.13087223301279285,-7905.325289749746,963.1195220220382,3315.846856867047,3142.718138138297,0.5679465536708053
0.27416993722737465,0.23589559579069247,0.1726711703438781,0.3172632966380548,0.3870553377293927,0.13309846933792838,0.3876797002665502,0.09216649266612874,-8146.602992781779,721.8418189900046,3557.1245598990804,2901.4404351062635,0.2331479415811393
0.2803047352529425,0.23148904030664685,0.19798415505218542,0.29022206938822515,0.4139871200741814,0.10463737342824532,0.3806158148877344,0.10075969160983893,-8042.507496541533,825.93731523025,3661.2200561393256,2797.3449388660183,0.1705860138966189
0.28067016033166803,0.23104482351212796,0.19901978041404159,0.2892652357421624,0.4147803127551744,0.10356622220531443,0.3804679993637679,0.10118546567574316,-8036.601229337685,831.8435824340979,3667.1263233431737,2791.4386716621702,0.1783430200232402
0.3449453952234171,0.16643718115317319,0.2231260883308732,0.26549133529253666,0.3791267749884401,0.14252283632582005,0.42080845441542974,0.05754193427031027,-8308.548734541126,559.8960772306575,3939.073828546614,3063.3861768656107,0.17852432589795986
0.3500527560624253,0.16159707715534327,0.22518191145729724,0.26316825532493415,0.37395593621921364,0.14791779753802844,0.42434631159447145,0.053779954648286506,-8333.376710546383,535.0681012253998,3963.901804551872,3088.2141528708685,0.09009618356535277
0.3562491287557698,0.1554725819168945,0.2299608000434474,0.25831748928388826,0.3733077192174819,0.14865070399260677,0.42546806712420393,0.05257350966570746,-8367.386258519819,501.058553251965,3997.911352525307,3054.2046048974335,0.08364494104205979
0.35010551273642254,0.1617331142529448,0.22808616818829186,0.2600752048223408,0.3814526258979424,0.1399395937807667,0.4203786090888703,0.05822917123242062,-8418.178099748531,551.8503944806785,3947.1195112965934,3003.41276366872,0.07901106402561102
0.35039587481651824,0.16049406780568226,0.21535699598449565,0.2737530613933039,0.3556534654953837,0.1672349500615866,0.43134726116043204,0.045764323282597816,-8535.743869125883,434.28462510332633,3829.553741919241,3120.9785330460722,0.08835532080843805
0.3560900799431406,0.15497436843257717,0.2193107272985048,0.2696248243257774,0.354388444324436,0.16860853395954345,0.4330913923401931,0.04391162937582732,-8581.480379955985,388.5481142732241,3875.2902527493434,3075.24202221597,0.07460884528875103
0.3838964542560573,0.12720790519589928,0.23367599516143914,0.25521964538660447,0.3143047145842398,0.2108875277129562,0.4494184478665472,0.025389309836256764,-8405.601317180499,212.66905149773825,4051.169315524829,3251.1210849914555,0.0699101730798782
0.4076497477230758,0.10396500478564706,0.2523987373024036,0.2359865101888736,0.31228488813327193,0.2130840627690342,0.45211713686757077,0.022513912230123004,-8538.260895368918,80.00947330931862,4183.828893713248,3118.4615068030357,0.038832238830175225
0.39777640315818746,0.11403522305590529,0.24634231386760386,0.24184605991830346,0.31009975764163694,0.21527888074041027,0.4523779485555494,0.022243413062403426,-8437.025685426335,181.24468325190082,4082.5936837706663,3219.696716745618,0.027499939536650777
0.40606014996843576,0.10531503360799108,0.2518200876056779,0.23680472881789522,0.31142180519239154,0.21332856785713508,0.4528444170031001,0.022405209947373328,-8525.289716838091,92.98065184014389,4170.857715182423,3131.4326853338607,0.031271333856708224
0.4084859815620951,0.10329449030028452,0.2589865181697963,0.22923300996782403,0.31070535502360136,0.214609399033628,0.45253142004257413,0.02215382590019652,-8586.40294561705,154.0938806191025,4231.970943961382,3192.5459141128194,0.027890746917644836
0.4047668381256999,0.10715314547679719,0.25692414755589144,0.23115586884161152,0.3097674016556213,0.21544464944829098,0.45303912819701386,0.021748820699074006,-8546.58931310804,193.90751312811312,4192.157311452371,3232.35954662183,0.027166018068354864
0.4043530073481771,0.10733977423080072,0.2546599664315977,0.2336472519894244,0.31039254457603804,0.21473917548003968,0.45290934453572207,0.021958935408200222,-8578.315054254126,162.1817719820267,4160.431570306285,3200.6338054757434,0.028456265117636582
0.40433361353643904,0.10768119018771294,0.25866629773583844,0.2293188985400096,0.3090081457649689,0.2160577892657497,0.4533879026148132,0.021546162354468195,-8632.828626632621,216.695344360521,4214.945142684779,3255.1473778542377,0.028532850905104584
0.4039706734055226,0.10793190396723665,0.2576616824533597,0.23043574017388094,0.3048586127733413,0.22049485953886833,0.4544629351993937,0.020183592488396632,-8653.640263422074,195.88370757106753,4194.1335058953255,3275.9590146436913,0.028538293567559974
0.4046423019268236,0.10781303767205513,0.265381889933579,0.22216277046754226,0.30206690644174494,0.22325600436267423,0.4552009375293908,0.019476151666190097,-8727.532342921932,269.7757870709254,4268.025585395183,3349.8510941435493,0.02771777590843772
0.40405688865799,0.10817888860700776,0.26226631569009745,0.22549790704490488,0.2889123686764974,0.23706428760525136,0.4581061634486011,0.015917180269650194,-8789.37268219513,207.93544779772742,4206.185246121985,3411.6914334167473,0.027473519617617265
0.40298788791758394,0.10909177128865546,0.2615122235097539,0.22640811728400656,0.29006887451150565,0.2360484374208639,0.45761592541835744,0.016266762649273014,-8796.054066133147,214.61683173574565,4199.503862183967,3405.010049478729,0.02542590529423757
0.4014644281984101,0.11052157636321097,0.259744924828905,0.228269070609474,0.29418245974746077,0.23174841625948045,0.45679019679090416,0.017278927202154702,-8817.017569167288,235.5803347698867,4178.540359149825,3384.046546444588,0.02584101751914799
0.401801937748158,0.11013161981373021,0.256160420130628,0.23190602230748392,0.29514981115678296,0.23080356341786046,0.45639671483603406,0.017649910589322537,-8770.275103384116,188.83786898671445,4131.797893366653,3337.304080661416,0.026924121246582836
0.40109025573147916,0.11072408783180769,0.25173413589618804,0.23645152054052515,0.2804084528275562,0.24620173049817864,0.45781614189630676,0.015573674777958405,-8844.99133522244,114.12163714839177,4057.08166152833,3412.0203124997383,0.026720447688241937
0.3932511086457154,0.11837771580569276,0.24404502326623884,0.24432615228235294,0.27709091212154086,0.24970215028992845,0.4563754584843648,0.016831479104165818,-8930.541496688518,199.67179861447096,3971.531500062251,3497.5704739658177,0.025194964106331343
0.39275055670361303,0.11839048761747276,0.23829603121819234,0.25056292446072187,0.2775790484536406,0.24927956759653935,0.4548693588704081,0.018272025079411947,-9004.769810581192,125.44348472179767,3897.3031861695777,3423.3421600731444,0.02835101756766346
0.3933945097234024,0.11828462423218138,0.25051186174162815,0.2378090043027881,0.3145317730433116,0.21055449779304067,0.45140308528876794,0.023510643874879715,-9186.084084285338,306.75775842594345,4078.6174598737234,3242.0278863689987,0.02884778083110212
0.42056864510113945,0.0912298354110387,0.2655442436093093,0.2226572758785125,0.3208656685935953,0.20334020250091564,0.4480466677731563,0.02774746113233265,-9413.851489254828,78.99035345645277,4306.384864843214,3014.260481399508,0.03411472434342412
0.4199734397851872,0.09147908780841024,0.25913246444004645,0.22941500796635605,0.2733301725075373,0.2536223810458143,0.4595021792805166,0.013545267166131721,-9615.238871748828,-122.39702903754693,4104.997482349214,3215.6478638935077,0.026201175384925487
0.42087462342827503,0.09002284644079268,0.2538941771553238,0.2352083529756086,0.2702426225124181,0.2567165376458099,0.45883215613369893,0.014208683708073136,-9531.870046234886,-205.7658545514899,4021.628656835271,3132.279038379565,0.01762538520161532
0.4316393721915327,0.07965646919019401,0.2671290085085745,0.22157515010969867,0.24331004641406795,0.2842235382313255,0.4600023407001406,0.012464074654465853,-9410.161345883964,-327.47455490241254,4143.337357186194,3253.9877387304878,0.016878716567768928
0.4322709573789212,0.07918739528678818,0.2674582865088954,0.22108336082539526,0.2433786743355768,0.2846312114226806,0.4596026469375501,0.012387467304192441,-9404.968250995516,-332.66764979086054,4148.530452074642,3248.79464384204,0.01512028461820311
0.43953057639968895,0.0725753422594226,0.2820259641519538,0.20586811718893458,0.21877208555308233,0.31002156691382626,0.45718493048668246,0.014021417046408975,-9517.502375272703,-445.20177406804754,4261.06457635183,3361.328768119227,0.015048974343100397
0.43777202456002784,0.07412214946358,0.2771711379768122,0.21093468799957996,0.225166173668963,0.3031120123009085,0.4582507113094117,0.013471102720716737,-9559.363227435575,-403.3409219051746,4219.203724188957,3319.467915956354,0.018471748089997717
0.4385629933065737,0.07347371213259474,0.2792106517428433,0.2087526428179882,0.2223431034253968,0.30586068946558453,0.45806136525662094,0.013734841852397697,-9577.666692954612,-421.6443874242107,4237.507189707992,3337.77138147539,0.017040428340524702
0.43799022964384016,0.07378437836636334,0.278396917744016,0.20982847424578058,0.22364651246775796,0.30462260674933933,0.4581019391951819,0.013628941587720855,-9585.745446471363,-413.5656339074605,4229.428436191242,3329.69262795864,0.017584155133052195
0.4374333475368116,0.07432105881572919,0.2786839055419713,0.20956168810548792,0.2198656526955488,0.3085015776995813,0.456832917026902,0.01479985257796796,-9607.307096908942,-435.1272843450398,4207.866785753663,3351.2542783962194,0.017318716075309187
0.43456772580094744,0.07774231507640962,0.280839033192065,0.2068509259305779,0.19008136565018702,0.33864100436241085,0.441407332800673,0.029870297186728983,-9745.04613667215,-572.8663241082477,4070.127745990455,3488.9933181594274,0.01834300604634498
0.41958131088161976,0.09417077303002422,0.28967841495932767,0.19656950112902835,0.12673291537275572,0.39846430753990325,0.34601061749608547,0.12879215959125548,-9372.150534146493,-945.7619266339057,3697.232143464797,3861.8889206850854,0.029089045027363508
0.41346792591505155,0.09950429465686744,0.2781261509408398,0.2089016284872412,0.1196941546410641,0.4029702101495524,0.3018373239476846,0.1754983112616989,-9034.268397160735,-1283.644063619664,3359.3500064790387,3524.006783699327,0.09708628580392208
0.4161531690601177,0.09793844542520243,0.29967685768991675,0.18623152782476327,0.1216527560819837,0.4024592860714253,0.3261534317332306,0.14973452611336058,-9437.783721029336,-880.1287397510631,3762.8653303476394,3927.522107567928,0.13046644843243638
0.40221028308990897,0.11411774197498459,0.32723004326569455,0.15644193166941192,0.10568061997283829,0.41965785104206077,0.34434624571796635,0.13031528326713449,-9828.847723811496,-489.0647369689045,4153.929333129798,4318.5861103500865,0.11568654343880878
0.41221034233365567,0.09961365696911986,0.26044671495941973,0.2277292857378047,0.14710550608863665,0.38038985735011005,0.3933950839473661,0.07910955261388715,-9430.623110685723,-90.84012384313161,3755.7047200040247,3920.3614972243136,0.12798270882176022
0.41066515995489833,0.10099220623014686,0.25473455397915606,0.23360807983579884,0.1477210129207698,0.3796140492086641,0.3911490474292482,0.08151589044131785,-9470.367590105165,-51.09564442368972,3715.9602405845826,3960.1059766437556,0.06329510586654857
0.4073911903901651,0.10510215803807614,0.2617650336406954,0.22574161793106337,0.1479817857248944,0.380021583903874,0.4014285564935035,0.07056807387772808,-9316.729610891069,102.54233479040641,3869.5982197986787,4113.743955857852,0.06407187217262263
0.4062472032958219,0.10638744627528746,0.26478317423562386,0.22258217619326684,0.1625635395092965,0.3658669219200646,0.4218160947919171,0.04975344377872181,-9216.298562504622,202.9733831768528,3970.029268185125,4013.312907471405,0.062339486142469466
0.4071557741047377,0.10562351063500203,0.26770753682880033,0.21951317843146,0.162619983298614,0.36590969128442974,0.42342248060711163,0.04804784480984466,-9241.52881869469,177.7431269867862,3995.2595243751916,3988.0826512813387,0.0508335591655439
0.4079040893698038,0.10542850769777994,0.2810981965373505,0.20556920639506568,0.14950772798273532,0.37867239086487536,0.41808409070110997,0.053735790451279325,-9154.215853653008,90.43016194510491,4082.572489416873,4075.39561632302,0.0501667332674011
0.3967724438672538,0.11369503572379992,0.2312818233248738,0.25825069708407244,0.15486551733666803,0.3722671613371125,0.3951433956774908,0.07772392564872858,-8797.578108311105,447.0679072870073,3725.9347440749707,4432.033361664922,0.058705663504129646
0.39698864340553675,0.113809386735815,0.23581861434057375,0.25338335551807445,0.14901198961710424,0.3778515546856129,0.392483328064028,0.0806531276332548,-8765.295860674838,414.7856596507408,3758.2169917112374,4464.3156093011885,0.0652513722602853
0.3946490110720312,0.11617455533588274,0.23873221024341235,0.2504442233486738,0.1563625374383626,0.37079400983186916,0.4047927350858092,0.06805071764395898,-8705.434439549186,474.6470807763928,3818.0784128368896,4404.454188175537,0.06815769271261232
0.3938636457756243,0.1138533717238719,0.1895596493244959,0.30272333317600797,0.17223029153277478,0.35384212678290494,0.3794106669569611,0.09451691472735933,-8405.721045054514,774.3604752710661,3518.3650183422164,4704.16758267021,0.061887788066942756
0.3865222441543319,0.12793061639115935,0.2895839531267759,0.1959631863277329,0.10578359400391167,0.4211320729987717,0.37593981045033936,0.09714452254697718,-9067.413238187102,112.66828213847646,4180.0572114748065,5365.8597758028,0.0707922125492653
0.393279791732602,0.11686961980607788,0.22438903518655243,0.2654615532747677,0.14593167398435627,0.3804079322913801,0.38242789613820016,0.09123249758606349,-9510.088720295187,555.3437642465608,3737.381729366722,5808.535257910884,0.10854414598321568
0.41134276253103014,0.09645036164969521,0.19911494603373892,0.29309192978553567,0.14034912801186725,0.38256894976045935,0.31616203530988735,0.1609198869177859,-9922.635475017716,142.79700952403243,3324.8349746441936,6221.082012633412,0.07579477167748104
0.40992480045627655,0.09876525603824145,0.21384750810637743,0.27746243539910453,0.1317827055065166,0.39080347734908033,0.31539762551047723,0.16201619163392586,-9825.527344383489,45.68887888980407,3421.943105278422,6123.9738819991835,0.11073977520646246
0.39576378495081843,0.11823227623996757,0.2884270916760134,0.19757684713320064,0.1011571036724452,0.4215959071935026,0.302062203469586,0.17518478566446616,-9371.230927111881,-408.6075383818037,3876.23952255003,5669.677464727576,0.11424754723178349
0.38233489553688094,0.12824603229600587,0.22435922837283864,0.2650598437942745,0.17881874751252386,0.3495530119857634,0.4196749512540847,0.051953289247628154,-8173.666396606817,788.9569921232602,5073.804053055093,4472.112934222512,0.15089867208848623
0.37061001519476067,0.15000894313647828,0.37854468370503475,0.10083635796372642,0.1490541352779583,0.3797030007807831,0.4429391106955933,0.028303753245665263,-8407.240802678358,555.38258605172,4840.229646983553,4238.538528150972,0.055307658093132935
0.37107759426219117,0.14950810344084728,0.37928418328542574,0.10013011901153585,0.14922028873337018,0.37960146163958924,0.4427187096390329,0.028459539988007636,-8417.420367544446,545.2030211856312,4850.409211849642,4228.3589632848825,0.10900859410439162
0.3643370436520868,0.1553113983859252,0.36375027472712446,0.11660128323486356,0.09469753422634253,0.43404891086846836,0.41709854110870975,0.05415501379647942,-8048.433891393213,176.2165450343985,4481.422735698409,4597.345439436115,0.10911192314065979
0.35512213141054716,0.16579740873017423,0.37590468512618364,0.1031757747330951,0.07805017279189796,0.450893390182305,0.4023220808797523,0.06873435614604476,-8155.262120531266,69.38831589634573,4588.250964836462,4704.173668574168,0.14085573544006055
0.379072002741192,0.13814071825477525,0.330233942781033,0.15255333622299988,0.13595008203145786,0.3928976886818512,0.44053404208894087,0.030618187197750044,-8510.69997656747,424.8261719325496,4232.813108800258,4348.735812537964,0.16977725981731506
0.376053857529434,0.14153050229511743,0.33888320670991157,0.14353243346553704,0.12392666419425448,0.40500907982941525,0.4345750208705226,0.036489235105807726,-8441.279130930267,355.4053262953457,4302.233954437463,4418.156658175169,0.08766986820178804
0.37795886485000624,0.1403927031047962,0.35062633807213134,0.13102209397306616,0.1600042037564551,0.36925925822179284,0.45168055343199404,0.019055984589757994,-8212.201082804657,584.4833744209553,4531.312002563072,4189.078610049559,0.10044495800910264
0.37062954432082884,0.14925883092228048,0.3686718987420112,0.1114397260148796,0.13028735758427826,0.39893512479524185,0.4408616036221527,0.029915913998327236,-8056.000810080671,428.2831016969695,4687.512275287058,4345.278882773545,0.08371970558558094
0.3489956932636976,0.17322878831720992,0.40180937700363106,0.07596614141546135,0.08582530743519695,0.44290987957139116,0.41458670194341435,0.056678111049997607,-8302.071270615477,182.21264116216335,4933.582735821865,4591.349343308351,0.11320628632523612
0.35804437176302545,0.16365785369095662,0.39804928786356053,0.08024848668245743,0.08869381192500994,0.4398385802166711,0.4173431797389817,0.05412442811933725,-8222.564441555553,102.70581210223914,4854.075906761941,4511.8425142484275,0.18063636788251128
0.33586801346618134,0.185938209930182,0.3868731998734233,0.09132057673021345,0.05117206271563492,0.4747149658389661,0.3450109853478812,0.12910198609751783,-8626.160908688986,-300.89065503119406,4450.479439628508,4915.438981381861,0.1694690943120789
0.37939304176951155,0.13768586631215868,0.32793620117605643,0.15498489074227337,0.10016499746524628,0.4280711746162242,0.4003280161294925,0.07143581178903699,-9051.351017829831,124.29945410965126,4025.2893304876625,4490.248872241015,0.23590434458486906
0.3829962726308266,0.1334118932770225,0.3189293937903103,0.16466244030184066,0.10950414905354573,0.41901596911224565,0.40722138314086115,0.06425849869334753,-8992.576979551899,183.07349238758277,3966.515292209731,4431.474833963084,0.1179938685785254
0.3933922280672925,0.12201852636791903,0.3074863035663493,0.1771029419984391,0.11818676262848758,0.4101746692985039,0.4045468618546802,0.06709170621832834,-9132.086697497742,43.56377444174092,3827.0055742638892,4291.9651160172425,0.10479167613072396
0.3718165484418473,0.14713930996528393,0.35345059330955303,0.1275935482833158,0.0784419936117712,0.4485890029739679,0.36496281925957846,0.10800618415468252,-9456.381757061628,-280.7312851221454,4151.3006338277755,4616.260175581128,0.09157449640654547
0.35820928651741507,0.16226947858963375,0.3731958800745903,0.10632535481836088,0.07907797923173766,0.4497338355461396,0.4015647315331914,0.06962345368893144,-9841.23833122002,104.12528903624639,4536.157207986167,5001.11674973952,0.16268043119243414
0.35639868325405927,0.16313084689258714,0.35378229168938086,0.1266881781639728,0.12451065851898532,0.40504803539034184,0.4381335697464819,0.03230773634419104,-9324.250768645503,621.1128516107633,5053.144770560684,4484.129187165003,0.1656866621177174
0.3683297102862868,0.1510207947487631,0.3573853545716649,0.12326414039328525,0.1286103166430742,0.4010290260075018,0.4400234354997041,0.030337221849720066,-9477.047440392731,468.31617986353547,5205.941442307912,4331.332515417775,0.11781760498898196
0.3689548227139093,0.15030491817435954,0.3568397213014814,0.12390053781024973,0.13152727464623545,0.3979383741915373,0.44158653397604963,0.02894781718617755,-9495.730076849475,486.99881632027945,5224.624078764657,4312.6498789610305,0.10988239419918305
0.3690935036349017,0.15018840368308806,0.35705605418796965,0.12366203849404062,0.13174441074381163,0.3981366879922087,0.44119664303577155,0.02892225822820821,-9492.049922972543,483.3186624433474,5228.304232641589,4308.969725084098,0.10742810355516516
0.3668002458787004,0.15304869051357306,0.359194450382149,0.12095661322557746,0.11914838639213783,0.4107600188735593,0.4347986281333314,0.03529296660097144,-9413.865544984534,405.1342844553389,5306.488610629597,4387.154103072106,0.10720348767568619
0.3191417363821395,0.20407208590878245,0.39589826967374675,0.08088790803533139,0.10479263916274449,0.4236729902869602,0.42143517204227715,0.050099198508018195,-9734.538865814979,725.8076052857832,4985.815289799153,4707.82742390255,0.11799664362260986
0.3369268432222893,0.1850272154230968,0.3810093320232187,0.0970366093313952,0.08777090758314102,0.4410121851186689,0.41653412682848145,0.05468278046970852,-10037.887417777481,422.4590533232813,4682.466737836651,5011.175975865052,0.18407863120034654
0.3248059455225795,0.19779894475579934,0.40283200721618145,0.07456310250543963,0.06452236586771776,0.4629246250284256,0.39747542598513697,0.0750775831187197,-10250.953271786535,209.39319931422844,4895.532591845704,4798.110121856,0.17379258605699965
0.3337062215652119,0.1892623828525358,0.39991187809702616,0.07711951748522619,0.0669607407329219,0.46176418903135713,0.39830911889078957,0.07296595134493138,-10177.503198949242,135.94312647693607,4822.0825190084115,4724.6600490187075,0.2199651904433617
0.37880983887727837,0.1407412002715326,0.3756827466985652,0.10476621415262379,0.31710935715076616,0.20239932379869183,0.400598258729061,0.07989306032148097,-9012.385363890957,1301.0609615352205,5987.200354066696,3559.542213960423,0.2096297013340767
0.37333682340334057,0.1469944128649726,0.37601124045396234,0.10365752327772458,0.2659227133090223,0.2574277930093608,0.4263393643924794,0.05031012928913751,-8746.775675925344,1035.451273569609,6252.810042032307,3825.1519019260345,0.09469768972230921
0.3538211468838298,0.16737237774378474,0.3786027689493202,0.10020370642306513,0.2634886688973363,0.2601728315113588,0.430885563373147,0.04545293621815795,-8913.109120722043,1201.7847183663077,6086.476597235608,3991.4853467227335,0.08337555724320855
0.36968038133297937,0.1506351774846198,0.3769002308857468,0.1027842102966541,0.2635775052446471,0.2595424160302123,0.4282608188798832,0.04861925984525731,-8765.156572102376,1053.8321697466406,5938.524048615941,3843.5327981030664,0.09556810595823875
0.4061196780321242,0.11208668713000193,0.3660614816516618,0.11573215318621215,0.2651055825615842,0.25740612285807585,0.42278432107010094,0.05470397351023904,-8446.116277184636,734.7918748289007,5619.483753698201,3524.4925031853263,0.08540837209824646
0.40409406518367325,0.11417801070393496,0.36828367832724085,0.11344424578515086,0.2447896293470076,0.27905706019918336,0.4309163918252402,0.04523691862856893,-8546.005469814483,634.9026821990532,5519.594561068354,3624.3816958151738,0.0622293607263955
0.40897676007262385,0.10874232895006158,0.36424921971802326,0.11803169125929128,0.276767974367552,0.24485886677035687,0.41698058587634484,0.06139257298574626,-8710.641119918162,799.538332302732,5684.230211172033,3459.746045711495,0.06273110087678525
0.4178743445066664,0.09959687416249571,0.35929047863454894,0.12323830269628887,0.27964461677248503,0.2423295988982766,0.4138152234538342,0.06421056087540411,-8636.306981399111,725.2041937836807,5609.896072652981,3385.4119071924433,0.06186107111602811
0.4263206583020737,0.0903309084359445,0.3536196401339745,0.1297287931280072,0.2831112878104616,0.23804397035245473,0.41167755095479613,0.06716719088228766,-8714.977296241066,646.5338789417265,5688.566387494935,3306.741592350489,0.05727883806784271
0.4461136176989913,0.06888830203605668,0.3380223995264376,0.14697568073851439,0.28873138926237857,0.2321100796004072,0.4072808594786292,0.07187767165858507,-8542.13177064693,473.68835334759024,5515.720861900799,3133.896066756353,0.05237746739346079
0.45598862282962127,0.05781679413024466,0.32775853284927126,0.15843605019086276,0.29225401920249666,0.22832869394673969,0.40537829569682127,0.07403899115394247,-8444.441109049627,375.9976917502856,5418.030200303494,3036.205405159048,0.04168616268475667
0.46498410947576263,0.047812132173993646,0.316619830027886,0.17058392832235783,0.2962207317545317,0.2242928608786911,0.4033810113011172,0.07610539606566,-8538.836667476102,281.60213332380977,5512.42575872997,2941.809846732572,0.03639574678513789
0.47387809119771773,0.03768483607088056,0.30322613507129204,0.18521093766010957,0.3012314745602707,0.2189275151082744,0.4016061434891654,0.07823486684228956,-8643.979130828187,176.45966997172434,5407.283295377884,2836.6673833804866,0.032038923774231926
0.4675851339146468,0.044860147276517416,0.3128676751502839,0.17468704365855184,0.2979315571062832,0.22233943945071885,0.40254691844911716,0.0771820849938808,-8540.750949333611,279.687851466301,5304.055113883308,2939.8955648750634,0.02847691945738412
0.4678602083026511,0.04440338816214012,0.3116133891724782,0.17612301436273048,0.30330527237040644,0.21646114916840536,0.3980888005579031,0.08214477790328518,-8505.402263715174,315.03653708473865,5339.403799501745,2904.5468792566257,0.03123003945127538
0.46736766372549293,0.04526459731064633,0.31380413434988996,0.1735636046139708,0.29625481796975095,0.22416376998951823,0.4040782009921349,0.07550321104859595,-8552.123985150807,268.31481564910564,5292.682078066112,2951.2686006922586,0.03335286606570451
0.46749863208632836,0.045038129409367245,0.3135308966334114,0.17393234187089307,0.2961383758059344,0.22423050247719825,0.4041054337216117,0.07552568799525568,-8555.694723515251,264.74407728466247,5289.111339701669,2947.6978623278155,0.030705051830812784
0.47031233061758065,0.04151321466423741,0.30477993015868715,0.1833945245594947,0.32393898097876445,0.19407214755718327,0.37814922240742066,0.10383964905663173,-8384.252159313346,436.1866414865667,5117.668775499765,2776.2552981259114,0.03064721774602039
0.4781467757767342,0.032693486086252846,0.29455149517442764,0.19460824296258536,0.34346214448018225,0.17079646477081067,0.3362628404624783,0.14947855028652882,-8226.619335810143,593.8194649897694,4960.035951996562,2618.6224746227085,0.04432504100086133
0.4688116806694311,0.04311202513628272,0.30556135259347955,0.18251494160080667,0.34905678225790215,0.16546116615575004,0.3429225787067142,0.14255947287963355,-8124.078964712825,696.3598360870867,4857.4955808992445,2721.162845720026,0.07067742131380625
0.46851330815885667,0.04348324350738495,0.3052262855501643,0.18277716278359413,0.3512403196459162,0.16308137470570927,0.34143211138763135,0.14424619426074325,-8111.027751429443,709.4110493704683,4844.444367615863,2708.1116324366444,0.0723414218715876
0.47214766829479443,0.03882199499450425,0.28845485252246605,0.20057548418823526,0.36214928217483155,0.15212045954415826,0.34457806567296956,0.14115219260804066,-8251.227720300443,569.2110804994686,4704.244398744863,2567.9116635656446,0.07424804033542755
0.488838109115503,0.017276869606914994,0.2272820068870481,0.26660301439053385,0.3822642960294342,0.1295578511736702,0.3166385122176529,0.17153934057924272,-7844.03311371723,162.0164739162551,5111.439005328077,2160.717056982431,0.07250042910465263
0.489400413577215,0.016227975076383835,0.21916153422668533,0.27521007711971596,0.3849381119083485,0.12670417101623008,0.3138997080697484,0.17445800900567304,-7893.1549842376635,112.89460339582101,5160.5608758485105,2111.595186461997,0.0964492254747483
0.4824177184987521,0.022040591753572557,0.1964369807739443,0.299104708973731,0.4073167197746983,0.09786609002991054,0.2235281571398072,0.271289033055584,-7570.423033650139,435.6265539833454,5483.292826436035,1788.8632358744726,0.10057706658846322
0.4833572700582351,0.02340821270297845,0.23071097528969742,0.26252354194908906,0.40643769812964786,0.09905900994316723,0.2278211202523673,0.26668217167481767,-7286.9558372386045,719.0937503948794,5199.825630024501,2072.3304322860067,0.20382688876278096
0.48425487605751044,0.02266595396697322,0.23516571312357723,0.25791345685193906,0.4001504022323521,0.10742942661852038,0.258954377993492,0.23346579315563556,-7145.467845388131,577.6057585444056,5341.313621874975,2213.8184241364806,0.1938365420587269
0.48508489745509503,0.021336233403741047,0.2269435027043779,0.26663536643678615,0.40050594193729255,0.1071048071816605,0.2576374331969601,0.23475181768408682,-7074.557861877367,506.69577503364224,5270.4036383642115,2142.908440625717,0.15640865691207867
0.4747068102715494,0.027385801898847022,0.1561440581048083,0.34176332972479534,0.412639829566122,0.09329774465841993,0.23739476920897337,0.2566676565664847,-7600.779083918922,-19.525447007912703,5796.624860405766,1616.687218584162,0.15823338653508157
0.47719384140486576,0.024980137818004264,0.15663717074344016,0.34118885003368976,0.4118572987914585,0.0957958657747197,0.2573041357214412,0.23504269971238068,-7516.756163815533,-103.54836711130159,5880.647780509155,1700.710138687551,0.20469972315952145
0.47906783567227923,0.02310452335971655,0.15757851867885941,0.3402491222891449,0.4100887015836579,0.09848674952254041,0.2722562160198978,0.21916833287390394,-7455.741465995676,-164.56306493115858,5819.633082689298,1761.724836507408,0.1821316224735128
0.48468730420517847,0.01732852686787202,0.1623534957073112,0.33563067321963835,0.40166475947394303,0.11017009655872526,0.3150385718784114,0.17312657208892027,-7632.102282301505,-340.9238812369875,5643.272266383469,1938.085652813237,0.16596266840323504
0.49135436825793655,0.013279900509345011,0.20729786125368937,0.2880678699790291,0.3814152393377022,0.13167339737456218,0.32991194575926525,0.1569994175284703,-7264.781097351686,26.39730371283116,6010.593451333288,2305.4068377630556,0.12191257907079218
0.492109418867641,0.01282512708969796,0.2091999986611938,0.28586545538146724,0.37839204446113983,0.13556325776416828,0.33623428626773466,0.14981041150695712,-7232.329463731187,-6.054329907667977,6043.0450849537865,2337.858471383555,0.08846068911964679
0.4901351037943751,0.01305617035565317,0.18231223201190536,0.3144964938380665,0.38941299655741113,0.12374009408329589,0.33113908307743806,0.15570782628185503,-7473.716341612203,-247.44120778868347,5801.658207072771,2096.4715935025392,0.08186173607641534
0.4917331953424856,0.011593899384777432,0.18540845164956493,0.31126445362317207,0.3839398663362988,0.1300358824891497,0.3447174030901728,0.14130684808437857,-7403.8652568836405,-317.2922925172461,5871.509291801333,2166.3226782311017,0.09729921278238206
0.4901022836865087,0.012356251123923802,0.1742555929282577,0.3232858722613098,0.3888476210061278,0.1253947766585933,0.3444129290680162,0.14134467326726263,-7309.83762892938,-411.3199204715066,5965.536919755594,2072.2950502768413,0.0845817332917793
0.49296671930577557,0.010990503796023877,0.19152152915767973,0.304521247740521,0.3805833629607279,0.1345085216111922,0.3480565406245305,0.13685157480354937,-7468.726065225226,-252.43148417566084,6124.42535605144,2231.183486572687,0.09036658903149097
0.4937621213816365,0.009993503531522788,0.19472323242353276,0.301521142663308,0.37536443540247016,0.14033083914673122,0.35822271589340665,0.12608200955739202,-7414.052216253519,-307.1053331473679,6179.099205023147,2285.857335544394,0.07872574315812958
0.49945651922554624,0.00595658970003079,0.22882195204986538,0.26576493902455756,0.3191093383222609,0.20334781651415007,0.4319560025672701,0.045586842596318795,-7012.879427369905,-708.2781220309815,5777.926416139533,2687.0301244280076,0.06959512037947499
0.4994040615423602,0.005782985056263172,0.2242601302479966,0.2705528231533801,0.325974902278946,0.19592243232737175,0.4258769781275945,0.05222568726608775,-7068.811512572217,-652.3460368286694,5833.858501341845,2631.0980392256956,0.014350650614922756
0.499625180783874,0.005240157233665257,0.21930287157511397,0.2758317904073466,0.3296185621156228,0.19204882771878215,0.4250222446104014,0.05331036555519374,-7115.647158868208,-699.1816831246604,5880.694147637836,2584.2623929297047,0.018078913606156575
0.49952683369986256,0.0052512031842381745,0.21855403186339994,0.2766679312524994,0.33062466929217177,0.1909128913301516,0.4239701248138851,0.054492314563791604,-7124.205807684688,-690.6230343081808,5889.252796454316,2575.703744113225,0.019802743556323152
0.49962365599536307,0.005332648926973624,0.21940321794669648,0.27564047713096684,0.32998419234216797,0.19155484267658862,0.4241242804096566,0.05433668457158665,-7115.326317760033,-681.7435443835254,5898.132286378971,2584.5832340378806,0.020484866807551703
0.4994011645729203,0.005400693746868851,0.2152036092572545,0.2799945324229563,0.3362003830110924,0.1846282715197025,0.41802110012009375,0.06115024534911136,-7062.033945716016,-628.4511723395083,5951.424658422988,2531.2908619938635,0.020098363693372884
0.49909607922751625,0.006299182025042868,0.22365785639507002,0.2709468823523708,0.33031896689172524,0.190912124940579,0.41921181242287736,0.059557095744818524,-6980.0830381532505,-546.5002647767428,6033.375565985753,2613.241769556629,0.02434620925010112
0.4981639586075021,0.006666107359332277,0.21561169006996367,0.27955824396320195,0.34326769126724926,0.17665784531705972,0.40442028329881413,0.07565418011687691,-6870.012725155373,-436.42995177886576,6143.445878983631,2503.171456558752,0.02116946486940602
0.4942437488422093,0.009566238078034616,0.1991320593575976,0.2970579537221585,0.3710495960142156,0.14472113606217676,0.3631047774678938,0.12112449045571373,-7109.332233702993,-197.1104432312456,6382.765387531251,2263.851948011132,0.031063166320719867
0.4884458920677101,0.014784834296006725,0.18630154711427163,0.31046772652201154,0.39330083201280497,0.11803882157937755,0.3114761981832044,0.17718414822461304,-6874.390810112736,37.83098035901102,6147.823963940994,2028.9105244208756,0.06417135708876283
0.48874220330129436,0.014648050965132558,0.1886600053168488,0.30794974041672424,0.39257745580629094,0.11880243883289021,0.3114765503260029,0.17714355503481588,-6855.152174487547,57.06961598420021,6167.062599566183,2048.149160046065,0.11286759921204863
0.4809798614536926,0.022214006413430444,0.1786598203358774,0.31814631179699965,0.40746295664105614,0.0986934048786289,0.2399872295507917,0.25385640892952327,-7136.118609475933,338.03605097258605,6448.029034554569,1767.1827250576791,0.11187686443508184
0.47957726719897387,0.02381543884331466,0.17711632344118797,0.3194909705165234,0.4084254520409509,0.09665243467733985,0.22470503218573093,0.2702170810959784,-7079.6475279185015,394.507132530018,6504.500116112001,1710.7116435002472,0.19052334895549738
0.48121000665959696,0.022020878962218226,0.17891001405203535,0.3178591003261494,0.4069761064341911,0.09921307550828638,0.2413064400037973,0.2525043780537252,-7000.275737226126,315.1353418376422,6425.128325419625,1790.083434192623,0.20864570675051586
0.47765199138349623,0.025009879122445157,0.1645930877785067,0.3327450417155519,0.4103008396804378,0.09587434407782344,0.23713868417968365,0.2566861320620552,-6876.410300881253,191.2699054927687,6301.262889074752,1666.2179978477493,0.1884814779499413
0.47188952566030706,0.029973698713051684,0.15032815855094903,0.34780861707569233,0.4140779643019037,0.091533932195958,0.22918285199709176,0.2652052515050466,-6770.318665251253,85.17826986276883,6195.171253444752,1560.1263622177494,0.20000781107376123
0.4937261314603011,0.008759637088774612,0.17815011775368225,0.31936411369724194,0.37617077276361194,0.1410538840201751,0.3769511297540142,0.10582421346219874,-6096.061584207941,-589.0788111805432,6869.428334488064,2234.3834432610615,0.21716632101066732
0.49576907127443376,0.007613413707085129,0.19212303102769382,0.3044944839907872,0.3665440850823465,0.15084336626788272,0.3825834821888285,0.10002906646094237,-6206.8398864062,-478.30050898228416,6758.6500322898055,2345.1617454593206,0.06434555288679665
0.49379759662436856,0.009123237312721686,0.18687403879361467,0.310205127269295,0.37502894805174014,0.14140500832694258,0.36759093399487464,0.11597510962644267,-6117.8451766430335,-389.30579921911743,6847.644742052972,2256.167035696154,0.053705431003579496
0.49523245830830515,0.009358561556277449,0.2121334237113288,0.28327555642408864,0.36093053023257377,0.15617935306002698,0.3736144110856709,0.10927570562172834,-5909.668489284974,-181.1291118610582,7055.821429411031,2464.343723054213,0.06596789965672128
0.4921465257830201,0.014848904825399276,0.24377795169242983,0.2492266176991508,0.34449611466724267,0.17337414332937312,0.38078894204800245,0.10134079995538184,-6142.326896138938,51.52929499290536,6823.163022557068,2697.002129908177,0.05153306257408753
0.4937462834670162,0.012456723931197684,0.23431702225925824,0.25947997034252784,0.3489060703076466,0.16861978274949127,0.3794097834644152,0.10306436347844705,-6233.34066471077,-39.48447357892708,6732.149253985235,2605.9883613363445,0.03950607514116428
0.4902407258620383,0.01535003558614305,0.21999326568806213,0.2744159728637564,0.38102331112524296,0.1317199468384078,0.3217744426699602,0.16548229936638895,-5941.1884247464095,252.66776638543388,6439.997014020874,2313.8361213719836,0.04215738110178056
0.4903357996161828,0.01515282481951789,0.21852121291193796,0.2759901626523614,0.38165431014414314,0.13109018349462812,0.3212699985835563,0.16598550777767243,-5954.88446873206,238.9717223997835,6426.300970035224,2300.1400773863334,0.09236158162438843
0.49286230420323246,0.013071505292961893,0.22773280902906706,0.2663333814747385,0.3616218845972725,0.1541539669443777,0.36004327644528006,0.12418087201306957,-5748.541445348088,32.62869901581149,6219.957946651252,2506.4831007703056,0.09284651412620663
0.4922385158123719,0.013523079232743459,0.22510005059008728,0.2691383543647974,0.3674241848240423,0.1476276611459627,0.34999975416918727,0.1349483998608077,-5691.434940493224,89.73520387067583,6162.851441796388,2449.376595915441,0.05763036425669621
0.49065849686003216,0.014903192942578436,0.21947210245675025,0.2749662077406392,0.37975472263148646,0.1330464170483792,0.32546416920014587,0.16173469111998848,-5562.51059562521,218.65954873868955,6291.7757866644015,2320.4522510474276,0.06626978361414562
0.4909555126755627,0.01385932697201652,0.20508889296842236,0.2900962673839984,0.38496337094105665,0.1275320699168795,0.32123244893110964,0.16627211021095417,-5443.253919986557,99.40287310003666,6411.032462303055,2201.195575408775,0.08890471744151625
0.49075246863415634,0.015151739426802395,0.22078140507565402,0.27331438686338727,0.37970978389543386,0.1330000449210104,0.3243036134220924,0.16298655776146329,-5301.629456048004,241.0273370385898,6269.4079983645015,2342.820039347328,0.09649046167435658
0.4893136602226513,0.01730164274428348,0.23301685705652667,0.2603678399765386,0.3769050335508451,0.13571627700064762,0.3249615200037111,0.1624171694447961,-5204.614870894459,338.0419221921346,6172.393413210957,2439.834624500873,0.0895957621145127
0.4887198974191065,0.018053442245712696,0.23662466981886693,0.25660199051631394,0.37614476682095116,0.13641276880480266,0.325278249407048,0.16216421496719824,-5177.091355865444,365.5654372211504,6144.869898181942,2467.358139529889,0.08706337855369674
0.48935829700174743,0.017726661680600234,0.24078362923860536,0.25213141207904693,0.3672259204817052,0.14676865964957003,0.34247851214946573,0.14352690771925905,-5088.724316506999,277.1983978627054,6233.236937540387,2555.7251788883336,0.08641186590064608
0.4891127944675354,0.0179435770325711,0.23884107843216873,0.2541025500677247,0.37172278853913215,0.14161823793002287,0.3338252526947855,0.15283372083605948,-5136.72135486562,325.19543622132653,6281.233975899008,2507.7281405297126,0.07025672945292984
0.48762038254443574,0.020154955835632284,0.24676402805852887,0.2454606335614031,0.3704339191904342,0.1432553158344357,0.33435725143780476,0.15195351353732528,-5067.507732629145,394.40905845780196,6212.020353662533,2576.9417627661883,0.07832599258351691
0.48942511226859137,0.015292773247945965,0.2014588029660292,0.29382331151743346,0.3899006886161789,0.12247684832471263,0.32244377886899195,0.16517868419011655,-4793.087184059732,119.98850988838888,5937.59980509312,2302.521214196775,0.0769838599088177
0.4895121691157336,0.015082158228156955,0.20112381240525729,0.294281860250852,0.3893990478281214,0.12296878591945609,0.3223998902063376,0.16523227604608481,-4778.099078069837,105.00040389849339,5952.587911083016,2287.5331082068797,0.09935880154665327
0.48937376508535124,0.015036289662816574,0.20139128986920787,0.2941986553826243,0.38905460319178864,0.1232283286413769,0.3227829289902005,0.16493413917663405,-4777.429345468005,104.3306712966614,5951.9181784811835,2288.2028408087117,0.09896279830378917
0.483976521107691,0.020291973825937507,0.19267452343250782,0.30305698163386363,0.40428386312300985,0.10739557978753156,0.31382418304874504,0.17449637404071358,-4948.079773191134,274.98109901979154,6122.568606204313,2458.853268531842,0.09861442485757341
0.48549035417905734,0.019818948341951755,0.20762545905662586,0.28706523842236503,0.3975117058351407,0.11480212373425466,0.31963175706690233,0.16805441336370228,-4877.668239365833,345.392632845093,6052.157072379012,2529.2648023571433,0.11601780632980396
0.47555434859635803,0.03311312414429513,0.25392189897806616,0.23741062828128068,0.3909338839871562,0.1222090348641879,0.3308288035579339,0.15602827759072188,-5218.734606919337,686.4590003985973,6393.223439932516,2870.3311699106475,0.10429732201641201
0.47723425405510445,0.03185896098876109,0.2639560423595562,0.22695074259657808,0.3626313115396808,0.15359083473453025,0.37065110628552034,0.11312674744026861,-5407.958881874196,497.2347254437391,6203.9991649776575,3059.5554448655057,0.09104013468423192
0.483747793234303,0.024033609301888057,0.24769600203421663,0.24452259542959232,0.3661265417136476,0.1500829002127749,0.36688606219446285,0.11690449587911465,-5566.758910034823,338.4346972831122,6045.199136817031,2900.755416704879,0.05381026744427211
0.4861026147917267,0.021980013619591385,0.2531208715509202,0.23879650003776165,0.34697748420904634,0.17159368220662613,0.3894047939550578,0.09202403962926982,-5705.842827600649,199.35077971728634,5906.115219251205,3039.8393342707045,0.05575200227858632
0.4796749923510745,0.029815841928623958,0.26998962601317295,0.22051953970712865,0.33797386439092963,0.18091855795718287,0.3967191067849968,0.08438847086689065,-5565.81776651866,339.37584079927484,6046.140280333194,3179.864395352693,0.037060057454581116
0.47606830137879497,0.03297382018547575,0.26077698824968837,0.2301808901860409,0.3754039319526308,0.13954003162707063,0.3540778969365708,0.13097813948372775,-5828.373051877449,601.931126158064,5783.584994974405,2917.309109993904,0.032898974079015694
0.46074214803757746,0.05088126999025071,0.2871163621455298,0.20126021982664205,0.3761506475433869,0.13923929439311403,0.3568303728838039,0.12777968517969523,-6075.477946479278,849.0360207598932,5536.480100372576,3164.414004595733,0.06850315673180649
0.46961551326602274,0.04050815237509317,0.2724848965461088,0.21739143781277523,0.37802581098751253,0.13659080160763262,0.35190177203368533,0.1334816153711694,-5915.5224148675925,689.0804891482074,5376.52456876089,3004.458472984047,0.07305519179847654
0.46572396026748797,0.044374000283676614,0.26898532185018514,0.22091671759865023,0.40787166607371894,0.1024291424835682,0.30326587000187394,0.18643332144083902,-6161.410156988283,934.9682312688979,5622.412310881581,2758.570730863357,0.07292998417545377
0.4417694352019383,0.07158065448193249,0.3055594115226215,0.18109049879350764,0.4161054279347987,0.09471164528550245,0.30683392886062244,0.18234899791907638,-5853.424524326535,1242.953863930646,5314.426678219833,3066.556363525105,0.1246819183221548
0.4355636675480389,0.07856907605292933,0.3148847629992723,0.1709824933997593,0.44404669399328556,0.0625213923250085,0.2524809647517813,0.24095094892992458,-6093.878559105307,1483.4078987094188,5554.880712998605,2826.1023287463327,0.13879856374256425
0.4356808735649461,0.07853594878647749,0.3134501592220595,0.17233301842651674,0.43596210143650876,0.07253518738254032,0.2733057301955045,0.21819698098544635,-6207.939557132016,1369.3469006827104,5440.819714971897,2940.163326773041,0.21326954685891703
0.44525427845614396,0.0681095641759146,0.30123685257632704,0.1853993047916144,0.43365261524517157,0.07444610317218663,0.2673880351043332,0.22451324647830875,-6333.868256501378,1243.4182013133484,5314.891015602535,2814.234627403679,0.18517875568174288
0.4603276239265809,0.050835492730021935,0.27495842875775667,0.21387845458564045,0.4300469182626288,0.07719974038293405,0.2544578420779335,0.23829549927650376,-6566.173413869973,1011.1130439447531,5082.58585823394,2581.929470035084,0.1833484619248143
0.4708026605566231,0.03981428385549068,0.27487732034025936,0.21450573524762676,0.40162042294780853,0.10854649116435967,0.2912163733939544,0.19861671249387733,-6785.761715016074,791.5247427986523,4862.997557087839,2801.517771181185,0.1853045798109096
0.47484228879829377,0.03548537422981125,0.27634358645461077,0.21332875051728428,0.38780374570390125,0.12345594254434727,0.30346736904378263,0.18527294270796882,-6704.931120420374,710.6941482029526,4943.828151683539,2882.3483657768843,0.13040817819255338
0.47637967455672003,0.033331374513394914,0.26457769184791663,0.22571125908196835,0.392151826995882,0.11941372409791273,0.3071526330829953,0.18128181582320999,-6796.73601441086,618.8892542124667,4852.023257693053,2790.543471786398,0.1119414127770511
0.4646517608588303,0.04603918079096038,0.2767754638677,0.21253359448250933,0.3984431391605945,0.1134400353198553,0.3192025506873035,0.16891427483224664,-6671.899140341707,743.7261282816198,4727.1863836239,2915.3803458555512,0.10970849668067861
0.4702629283272448,0.04023840373812816,0.2816052478803696,0.20789342005425743,0.3773550085569697,0.13637982180894453,0.33562176630927276,0.15064340332481313,-6795.021106441648,620.6041621816781,4850.308349723841,3038.502311955493,0.10735162907486152
0.46871524220678573,0.04201545554107698,0.2777212278178033,0.21154807443433407,0.40242114385331196,0.10774094766358645,0.2926043586944673,0.1972335497886344,-7028.85194732508,854.4350030651096,5084.139190607273,2804.6714710720616,0.08408775440766664
0.46928991444889323,0.04162375157271387,0.2784461522166224,0.2106401817617705,0.3973103665539073,0.11371817903701775,0.3029213591411834,0.18605009526789162,-6972.248794316152,797.8318500561817,5027.5360375983455,2861.2746240809897,0.13046964835878858
0.47489024165324467,0.03575964885189429,0.2793143480776375,0.21003576141722358,0.3916671944169227,0.11844512676529687,0.2879500757251062,0.2019376030926742,-6937.672070518907,832.4085738534264,4992.9593138011005,2826.697900283745,0.1187052521217314
0.44939084217065456,0.06479242250853237,0.3204971839804436,0.1653195513403695,0.3964950325068029,0.11456125183667662,0.30216054185277796,0.18678317380374249,-6588.8649977765135,1181.21564659582,5341.766386543494,3175.504973026139,0.1273314424018508
0.44620846234310685,0.06833415090735259,0.3253402547674526,0.16011713198208796,0.37275414128736784,0.14142379178398634,0.3374601359589962,0.14836193096964959,-6422.517594654941,1014.8682434742472,5175.418983421921,3341.8523761477118,0.132980651428402
0.4431743583162397,0.07179176400064874,0.3307307871781224,0.1543030905049892,0.345536958000855,0.17163051495756795,0.36812431630051734,0.11470821074105966,-6268.841232788836,861.1918816081433,5021.742621555817,3495.5287380138157,0.09662698386702592
0.4289896149028466,0.08738698964558705,0.3426468777330407,0.14097651771852568,0.3407560395613171,0.17698789418160993,0.3774362094672504,0.1048198567898226,-6145.375550239057,984.6575641579225,5145.208304105597,3618.9944205635948,0.06989177342063307
0.4338489115119184,0.08198577610154528,0.3391083722280973,0.14505694015843903,0.34078842733621856,0.1767196482211747,0.3757377568898515,0.10675416755275526,-6198.0072513498335,932.0258630471455,5092.57660299482,3566.3627194528176,0.07271361706768478
0.42604217494528174,0.09039670345026177,0.3447089766252664,0.13885214497919007,0.3398886918555853,0.17788393000369673,0.379085100904957,0.10314227723576098,-6273.863610419422,1007.8822221167344,5016.720243925231,3642.2190785224066,0.07054814175165613
0.40639218059083076,0.11113358981752344,0.34901600500360586,0.1334582245880399,0.3386747152288705,0.18066863955344414,0.3944416567775344,0.0862149884401509,-6407.221130173111,1141.239741870424,4883.362724171542,3775.5765982760963,0.07374843722232596
0.3433327750695514,0.17693561658078083,0.3633417167202594,0.1163898916294084,0.3258313394357392,0.1957910582388853,0.42120435582142324,0.05717324650395234,-6005.769064603244,1542.6918074402906,5284.814789741409,4177.028663845963,0.07591224754183389
0.37243714588452453,0.14680910458692745,0.3602076979565734,0.12054605157197448,0.32773098352243923,0.19320461735176636,0.41163993533537496,0.06742446379041948,-6250.133779287729,1298.3270927558053,5040.450075056924,3932.663949161478,0.10484284013153768
0.3923384507831569,0.12588119958259347,0.3550265832614817,0.1267537663727679,0.32879480544281264,0.19161298990134548,0.40525179540481765,0.07434040925102424,-6411.691769175905,1136.769102867629,5202.0080649451,3771.1059592733013,0.08845596174532998
0.3926738661903873,0.12555441776428516,0.35508473167187976,0.1266869843734479,0.32883445819762114,0.19154786711979757,0.40511406401114947,0.07450361067143185,-6413.035955696983,1135.4249163465508,5203.352251466178,3769.7617727522234,0.0778314986232201
