port1_H,port2_H,port3_H,port4_H,port1_D,port2_D,port3_D,port4_D
0.061717495901033675,0.44239305131751805,0.06594901248962068,0.42994044029182754,0.20972362144083134,0.3104898076968356,0.3694429201748792,0.11034365068745389
0.05640513875296891,0.44824832140676263,0.07411714329286379,0.42122939654740477,0.22036146916692648,0.30021726154405376,0.3773424450367436,0.10207882425227609
0.047116998276493745,0.45727516454025735,0.06727870364302053,0.4283291335402284,0.193232926690562,0.3254476438473991,0.3407855187685133,0.14053391069352558
0.05422550835773075,0.4495765312603359,0.05907498665053296,0.43712297373140047,0.18815091915228466,0.3297663552810833,0.32727011137511525,0.1548126141915167
0.05476272555473551,0.44893664322425414,0.05869283060721247,0.43760780061379795,0.18953490789045938,0.32831385348280895,0.3268806467340049,0.15527059189272674
0.06794830810352383,0.4349893733150753,0.04626777845521527,0.4507945401261856,0.1710924827299755,0.34540683592823707,0.30021399129482135,0.18328669004696618
0.07223297335486659,0.43066094820255374,0.0462525298678384,0.4508535485747413,0.15278318213073663,0.36205583506041694,0.2694483640715379,0.21571261873730857
0.04416971453393968,0.4609189803361308,0.0728995071913752,0.4220117979385542,0.18811055630902948,0.3254716516343118,0.2571657737737857,0.229252018282873
0.04637253779822672,0.45820609717485405,0.06829058984907105,0.4271307751778481,0.20398767736097687,0.30917468930806796,0.2524666009592382,0.23437103237171714
0.044852353760908084,0.4622588546252403,0.1036776724721312,0.38921111914172046,0.1637304170828702,0.3455646967821325,0.17886664793535811,0.31183823819963913
0.05829176685765034,0.4551004021165587,0.22034703918124993,0.26626079184454116,0.10583164308806772,0.39903917950508705,0.09480157198754367,0.4003276054193015
0.030878667410947296,0.48748196133795857,0.29850976998405976,0.18312960126703437,0.1360014514992331,0.3637839577268372,0.01353454135686254,0.4866800494170671
0.024018868434685224,0.49266594511413536,0.26671813349141343,0.21659705295976597,0.15509356992345086,0.34458295628231167,0.012240348772350324,0.4880831250218871
0.02200488482690042,0.4944462640847771,0.2624333956307575,0.22111545545756486,0.15729809211819223,0.3424707264999107,0.015139915632683694,0.48509126574921335
0.0260692952717854,0.4916197154477944,0.2850554121680838,0.19725557711233638,0.14534899758224917,0.35417021977012164,0.010688383820443674,0.48979239882718545
0.026570594769900355,0.49113544263882875,0.2859573580563706,0.1963366045349003,0.1445577923788012,0.3552560700984832,0.01103675767615729,0.4891493798465583
0.021411752526709193,0.49596635397245714,0.2755828678087766,0.20703902569205712,0.15496136384683185,0.3446064723474687,0.008819083001979708,0.4916130808037196
0.015574752202521948,0.4997135729474287,0.23939834606979843,0.2453133287802511,0.17518332745529253,0.3254563662042303,0.021398965134011273,0.4779613412064661
0.035572250737409106,0.480298626676252,0.25270355109989506,0.23142557148644374,0.16040510981973932,0.33901444153781274,0.010216877798623401,0.4903635708438245
0.055177984419394956,0.45505703441436446,0.16790585177066647,0.321859129395574,0.17507665835525824,0.3261581602569608,0.043957020641740244,0.4548081607460407
0.08746908851994273,0.41769050308428507,0.08712736923549536,0.40771303916027685,0.21373062642732785,0.2899123782685318,0.0831508625481382,0.41320613275600226
0.0934698822625521,0.41150175867601385,0.08842431327048927,0.4066040457909448,0.21116376819714408,0.29215909013455915,0.07863563593807868,0.41804150573021803
0.08728292841911221,0.4171855993480469,0.08102691589418128,0.41450455633865974,0.23546574165339487,0.26750242891214365,0.08138188215459048,0.4156499472798709
0.06834341123934602,0.4359098192965761,0.07502338443558672,0.42072338502849116,0.3478644623111036,0.1524439044905408,0.06607087580750766,0.43362075739084793
0.046876116999054224,0.4583018702745318,0.08541843880494947,0.40940357392146454,0.33232831598202894,0.16779049174817112,0.06047381219329079,0.4394073800765093
0.04758262678093041,0.4581929614011536,0.0922037136764599,0.4020206981414561,0.2961007920036349,0.2048516984217408,0.06409727536932398,0.4349502342053002
0.053298911843953314,0.45073194846330167,0.062938783215125,0.4330303564776201,0.3512518766133597,0.15111885459758434,0.09739096144126816,0.40023830734778787
0.048645113225411964,0.45555332265457604,0.06454152437576371,0.43126003974424826,0.35922338742812654,0.14347115807977526,0.10269861906095629,0.3946068354311419
0.04958780903206754,0.45475231649152176,0.06426506039536763,0.431394814081043,0.3586391733183381,0.14389898306572763,0.09957669891133726,0.39788514470459696
0.08957161821601227,0.41244915702995555,0.03178120943835918,0.466198015315673,0.40070164564219474,0.10428482724569252,0.1489776522939832,0.3460358748181295
0.09108023971751869,0.41069949134902917,0.03099732130099243,0.46722294763245964,0.39964139552750133,0.10543151977551882,0.1496478448834613,0.3452792398135186
0.07712782597410305,0.42580532661074694,0.04561535823991975,0.4514514891752302,0.4249649695068474,0.07942425173623943,0.14270958131164652,0.35290119744526666
0.07501271543196472,0.42808980682440206,0.049560409603157385,0.4473370681404759,0.4265825224803857,0.0774288943882847,0.13912432107350936,0.3568642620578201
0.06565508977314365,0.4377925829406023,0.05633371593472438,0.4402186113515296,0.41267337415044625,0.09164450903599065,0.13979976743277084,0.3558823493807923
0.0523437434435993,0.4523397760236238,0.06650660498911666,0.4288098755436602,0.38606078738968297,0.11913947777084666,0.1463375204676544,0.3484622143718161
0.06352972107083164,0.44043005595088597,0.05763375932033425,0.438406463657948,0.39651269027320196,0.10941001846894909,0.16168029441470647,0.3323969968431424
0.06711675602280114,0.43634595809936466,0.05350950795159285,0.4430277779262413,0.39550376785256025,0.11052248097243993,0.1668209635206352,0.3271527876543645
0.06036853981593542,0.4429050899807089,0.056768925132891446,0.4399574450704642,0.3933407536324706,0.11154983842069735,0.1448668262063744,0.3502425817404576
0.06821339400066785,0.4351807323113989,0.0529260714388158,0.44367980224911757,0.39532879390734255,0.11126496803081451,0.17051337379613196,0.3228928642657109
0.06792853491563522,0.4357649020660278,0.05468298931671949,0.4416235737016175,0.39668107570896893,0.11006303447128435,0.17355673932062807,0.31969915049911857
0.06846146890627507,0.4348567473665062,0.05394438088542911,0.4427374028417897,0.39597371761602673,0.11060286096013729,0.17436782927118774,0.31905559215264834
0.07085243123662013,0.4322696627598689,0.05085747066434265,0.44602043533916813,0.3926168683325224,0.11404308438386723,0.1782251359350052,0.31511491134860514
0.07721322392559332,0.425982429540291,0.05012930530394529,0.4466750412301704,0.3914690848427373,0.11689541323831897,0.2043607418647546,0.2872747600541891
0.16977163040902984,0.3298869377048641,0.01408526815344079,0.4862561637326654,0.4899323877155463,0.0182278795498224,0.22353017086726137,0.26830956186736993
0.17609580113539752,0.3234066908878028,0.012352333273593419,0.48814517470320634,0.48773697396309895,0.020605619667259236,0.23349935190033946,0.25815805446930234
0.19107493566717368,0.30796667350632756,0.008914638199560152,0.4920437526269387,0.48642469187545967,0.02299405746953272,0.247352106051742,0.2432291446032655
0.1834595994267397,0.31560250447908106,0.010210345566412135,0.49072755052776695,0.4810915697156686,0.028153198778874868,0.2439651242540731,0.2467901072513836
0.18241435514497617,0.3162707381981028,0.00818764515082678,0.49312726150609426,0.4786174806885593,0.030310182858503135,0.23960096145745194,0.2514713749954856
0.18383530563948952,0.3149407964814099,0.007903672229575803,0.4933202256495247,0.47862337572994135,0.030345472596378105,0.2406544548715638,0.2503766968021167
0.18859019871118451,0.31168730805552236,0.027856023369096074,0.47186646986419706,0.490387136720228,0.019954418196312815,0.26280829562223834,0.22685014946122084
0.16923677487094826,0.3311271113075807,0.024962882954906368,0.4746732308665645,0.48009305116394585,0.02967053792118102,0.2488429951852669,0.2413934157296061
0.16564073646113425,0.3344776881344342,0.02260826071582621,0.47727331468860523,0.48065420287844346,0.028322575564786383,0.23929451507882735,0.25172870647794265
0.07745851112691644,0.42596032028454706,0.0649933832545049,0.4315877853340315,0.4352425472428637,0.06875928362955326,0.14643043189662355,0.3495677372309594
0.08636201638121702,0.41631568512751277,0.0543028687855547,0.44301942970571545,0.4429396859464997,0.06125543007436063,0.1531597304651477,0.342645153513992
0.06806900305435526,0.4356617081458222,0.0669806549635741,0.42928863383624855,0.4249380566109094,0.07789787801393011,0.12773962220629484,0.36942444316886575
0.03328976548206791,0.4730540180567129,0.09727712701921805,0.39637908944200123,0.37039290818959514,0.13401785504454783,0.13669815808179442,0.3588910786840626
0.03094890038137308,0.47626122324343767,0.10352499616550052,0.3892648802096887,0.3689520945773017,0.135229044751825,0.13109012579632223,0.36472873487455115
0.03334249461738333,0.47380330928686754,0.1003917650115698,0.39246243108417944,0.3728293101979303,0.1317983724687802,0.13486835094131147,0.36050396639197807
0.02375256364331182,0.48418406295712046,0.11500334975374286,0.37706002364582475,0.356215848298894,0.1476431279831023,0.11951247425041021,0.37662854946759355
0.008664604395230223,0.49997551759947856,0.1333057058086399,0.35805417219665137,0.2886384161417772,0.2174974315767636,0.14516239761909025,0.34870175466236897
0.0037716631714043206,0.5062125420009768,0.1542527449485795,0.3357630498790394,0.2716282745953398,0.23199305020577407,0.10185326961977517,0.39452540557911087
0.027991764099779933,0.4782227907012133,0.0919666293373837,0.40181881586162305,0.33515369406971857,0.17046844931235103,0.13920153058130164,0.35517632603662896
0.03817034391241647,0.4672250002513089,0.07732609397679766,0.41727856185947687,0.32605922423889133,0.17807235035583285,0.11225262119420075,0.3836158042110751
0.01334650129826226,0.49529897934724954,0.12763430945598,0.3637202098985083,0.3296520601646795,0.17181291026272472,0.07131087973688768,0.42722414983570794
0.10013262209980617,0.40529905288130597,0.08353636796394494,0.41103195705494305,0.44229377325146263,0.06067514533654636,0.1251442285026385,0.3718868529093525
0.09990267191713734,0.40548715730317286,0.0836714130933175,0.4109387576863722,0.4420439355945477,0.0608927288316523,0.12495839456398002,0.37210494100982017
0.09981038304860851,0.40557924489045993,0.08376753240053748,0.41084283966039403,0.44178013372716624,0.06102477436557187,0.12488382220775794,0.372311269699504
0.14550576606776414,0.35865773688866026,0.08109240930811067,0.41474408773546484,0.4586619718963825,0.04490479663062202,0.14170746657501554,0.35472576489797997
0.19201951157431288,0.3089906661663067,0.041643321387625894,0.45734650087175455,0.4868245610224383,0.019704820403592904,0.19836839566402234,0.2951022229099465
0.2177234269809193,0.2831425646652137,0.0399305379877197,0.45920347036614734,0.49527210900525986,0.012756862414708537,0.2258103644029839,0.2661606641770478
0.17611109377312553,0.3249276834999788,0.041781758485967664,0.45717946424092787,0.47666449643029074,0.028399638074309813,0.17840737588572617,0.3165284896096732
0.17777314450728238,0.3236429524720897,0.04966679712269738,0.4489171058979306,0.47060943737334443,0.034376418834856405,0.16875654759951697,0.3262575961922821
0.1822286343098133,0.3195336647765868,0.04532278832138335,0.45291491259221656,0.47355381679490266,0.031751872451927204,0.175416055632646,0.31927825512052405
0.17584321323040114,0.3248819708923836,0.0258776962667338,0.47339711961048137,0.4817109360916895,0.023976539713275208,0.18988318426024678,0.3044293399347885
0.1790939825849143,0.3207605829901769,0.02526858915050688,0.47487684527440194,0.4886404451434782,0.01777417333042369,0.2001655853928648,0.29341979613323343
0.1404313651255235,0.3610473133328289,0.03511269124283006,0.4634086302988176,0.464860444380498,0.039329877437743736,0.1542846050253308,0.3415250731564275
0.13399488357508532,0.36693422007298077,0.035849922049724973,0.463220974302209,0.4625112737981504,0.04107923271868788,0.14973465394081725,0.34667483954234457
0.12218442785623229,0.3797658069756369,0.049081277658421706,0.4489684875097091,0.45130901811191376,0.051448653348447164,0.1327620689328145,0.36448025960682445
0.12241209557675417,0.3795109688959552,0.04961629518814465,0.44846064033914596,0.4470322924929065,0.055531435037579915,0.12851058382888741,0.36892568864062625
0.1284134843360399,0.3733452499191958,0.045332600200228314,0.45290866554453596,0.44912372469086426,0.054245784835631444,0.13257633133640587,0.36405415913709843
0.13136277690148063,0.37134050227376914,0.05012707003345547,0.4471696507912947,0.46067928503262506,0.04311205098054636,0.1442443078676362,0.3519643561191923
0.14013697767486705,0.36145376002500557,0.04021172898309518,0.4581975333170322,0.4685439278354845,0.03564924314472941,0.15723539424905042,0.3385714347707357
0.19101760327102738,0.30958035334787637,0.040232163875019405,0.45916987950607685,0.4781578474800271,0.027578541063430644,0.18709892308500964,0.3071646883715325
0.1995909223391142,0.3019539986134263,0.05562125517245806,0.4428338238750014,0.4656763227165885,0.03911867685266348,0.1708772148636229,0.324327785567125
0.19630635354799433,0.3049540152501841,0.04819859248442167,0.45054103871739987,0.47078138150016635,0.034507959447417885,0.17795872231586973,0.31675193673654606
0.1973318405080296,0.3045069200129641,0.05014148206667119,0.4480197574123351,0.47417390190069925,0.031328359020198863,0.18135838808719443,0.3131393509919075
0.1827394216036005,0.3199132633587538,0.06708605377402567,0.43026126126362013,0.46442072923570277,0.03985764145278231,0.15834764036250787,0.33737398894900694
0.1820725672382396,0.3208813793447698,0.06518452660207773,0.4318615268149129,0.4653889485766769,0.039112544118968424,0.1595938185359005,0.3359046887684541
0.24409818735227998,0.25625040142623506,0.035494785368278166,0.464156625853207,0.43992149293008714,0.06678442336546941,0.194704137523264,0.2985899461811794
0.2559660251731822,0.2437711602844694,0.031144568947709617,0.4691182455946388,0.4217418219056926,0.08537813617839432,0.1999616307195338,0.29291841119637924
0.2573005710302455,0.24279556531631402,0.03864922146182656,0.4612546421916139,0.4437787248418258,0.06351356319530607,0.20439321640194733,0.2883144955609208
0.25710998948249575,0.24267159833863253,0.038986922126318234,0.4612314900525536,0.44409141330578894,0.0630336383976637,0.2044901417550484,0.28838480654149884
0.2605072464448793,0.2387370419251365,0.0305154520876958,0.4702402595422883,0.4185719499893058,0.0889754352870965,0.20373710058082053,0.2887155141427772
0.2655002570488337,0.2353775000510721,0.04427565002116315,0.454846592878931,0.45355331935875154,0.05411633165355668,0.21312203270501714,0.2792083162826746
0.2864811001145217,0.2132534057360032,0.03980118254670021,0.4604643116027748,0.48202439098247435,0.028652928403298108,0.2697546964925917,0.2195679841216359
0.28598817908614216,0.21367222999378122,0.040667556859927255,0.4596720340601495,0.4807126235721275,0.02990787293819258,0.266799816720907,0.22257968676877285
0.26104036252908663,0.23906041215638232,0.034626425695735236,0.4652727996187959,0.4781990590142369,0.030910691247926753,0.24188487739608355,0.24900537234175282
0.2549199957819137,0.24524711241691796,0.03712820066447637,0.4627046911366919,0.480371495711686,0.02829940010136277,0.23630734966164424,0.25502175452530707
0.24843565539992965,0.251254544550137,0.03266735151666982,0.46764244853326353,0.47438856160095194,0.03382471989243259,0.22831487583359442,0.263471842673021
0.24599964347454245,0.2535329896775013,0.031076670114473615,0.46939069673348266,0.4723409015833959,0.03577301578912919,0.2260245192714917,0.26586156335598327
0.24899636266137465,0.2502609005222003,0.025415169061322858,0.47532756775510204,0.4821707824990905,0.026921601438319856,0.24316490235046534,0.24774271371212434
0.2520050343979138,0.247462397914085,0.02889410302185568,0.4716384646661456,0.48624122826483057,0.022916684185502086,0.24708807150501855,0.24375401604464877
0.24002738830801013,0.2585001501438231,0.01151226557370856,0.4899601959744583,0.4646999854702998,0.044727297577412804,0.24483452481716625,0.2457381921351212
0.23462448471483333,0.2640421934281681,0.008189800672815275,0.49314352118418336,0.4589356970161142,0.05072847881133042,0.24697434333002805,0.2433614808425275
0.20664315517882453,0.2931710107697569,0.020650046043491202,0.47953578800792745,0.46406907093403216,0.04254834036536468,0.19942638860349268,0.2939562000971106
0.17556210969853459,0.3253350024218462,0.03572981693360982,0.4633730709460094,0.4453966470782674,0.058660659781164845,0.15518400049237321,0.3407586926481945
0.18175201059131035,0.31928552048456005,0.034576356219958485,0.46438611270417096,0.4456748925729431,0.05883261717777565,0.159044321775308,0.3364481684739731
0.18094659700755972,0.3198529937093171,0.03537939645520848,0.46382101282791477,0.4456640451246577,0.05865534558253981,0.15830972624058093,0.33737088305222157
0.17200105294783657,0.32955742858471176,0.04717708527948384,0.45126443318796783,0.4458484635354731,0.057741395312192655,0.14591074480545804,0.3504993963468762
0.16545305800092638,0.336492042613779,0.04954214413093899,0.4485127552543555,0.44452120303570974,0.058747918138241845,0.1410238221205672,0.35570705670548136
0.13481562080326417,0.3693517966421007,0.07902058052544456,0.41681200202919055,0.41679149880364574,0.08441484982299546,0.09965953401554248,0.39913411735781634
0.13627629063138227,0.36806142548498,0.08164325362773477,0.41401903025590286,0.41959374487515905,0.08160729923926503,0.10139791042542669,0.39740104546014926
0.1683005101715609,0.33549452131760577,0.07819616106116933,0.418008807449664,0.44846522264237804,0.054441335487100374,0.13440913006862645,0.36268431180189514
0.18904099302338662,0.31250429455114953,0.04789122985676788,0.45056348256869594,0.4460979415584824,0.057893555091241916,0.1532957869600964,0.3427127163901793
0.24958206979852388,0.25160159041166585,0.053556647312764404,0.44525969247704583,0.47010708778482585,0.036974030835522136,0.2080160278435166,0.2849028535361355
0.318070023679612,0.18164470443425987,0.04652889526537801,0.4537563766207501,0.4775357728612482,0.03539206563838663,0.3019297523142565,0.1851424091861087
0.31992495656081305,0.1797000176033852,0.045650771302873,0.45472425453292875,0.4800036776457733,0.033131764430081326,0.310201979473324,0.1766625784508215
0.31466188512376425,0.18486050715715927,0.04502400667816407,0.4554536010409125,0.4806547760572276,0.032072533103690466,0.30271452644476676,0.1845581643943153
0.3200870454542741,0.17962554455503899,0.051471650868790776,0.44881575912189625,0.4830986332110071,0.030132544650764915,0.30855728803035204,0.17821153410787602
0.32123348722744455,0.17841066513591364,0.05200209164537565,0.44835375599126603,0.48463912246712454,0.02884818334925574,0.31276523209425844,0.17374746208936134
0.3398946343380291,0.159310466282994,0.04774680421763669,0.4530480951613402,0.4723772950562783,0.042363225056460854,0.334879848839939,0.1503796310473218
0.3399799984311389,0.15909384115501893,0.047659926423198856,0.4532662339906433,0.4728203156558883,0.04207228779400383,0.33565732455426905,0.14945007199583876
0.33910349759376984,0.15989403755515383,0.04629480607529511,0.4547076587757811,0.4719638416281475,0.04284584649317981,0.33566706212167813,0.1495232497569946
0.31701784001936706,0.18208899654495353,0.040971673444159924,0.4599214899915195,0.4750306607851075,0.0380733982854804,0.3048748797347581,0.1820210611946541
0.3359909986163442,0.1632403970949733,0.04711157706745139,0.45365702722123113,0.46089656269799817,0.05296676749636502,0.31390878446846265,0.17222788533717415
0.3349327751597084,0.16381650191540806,0.041462706540824956,0.4597880163840587,0.4551627847860708,0.05932896141765859,0.31979137465355617,0.1657168791427144
0.33598433991681115,0.16316200579776452,0.047623250605588835,0.4532304036798355,0.46051773264833723,0.05291104728609493,0.3136507697857037,0.172920450279864
0.3371492892389143,0.16196540020247396,0.046711331660044327,0.4541739788985674,0.4651246055216678,0.048794325018589234,0.32297530326633356,0.16310576619340944
0.344107732738045,0.1553082163830771,0.053185645206861525,0.4473984056720162,0.46666907177337685,0.047425183419287496,0.3281776639102656,0.15772808089707008
0.3468292134126967,0.1525512150024057,0.051857988963215244,0.4487615826216823,0.4710618225730955,0.04432797661723721,0.3407045300688343,0.14390567074083294
0.4107260310414655,0.09045909291052127,0.08827794778795733,0.4105369282600559,0.4389831081106733,0.08140438677767493,0.41999856745139225,0.05961393766025946
0.38934072489848504,0.11079746732431803,0.07029587370624926,0.4295659340709477,0.45492603290373834,0.06443781265012742,0.40461389206703025,0.07602226237910413
0.3895034395489487,0.1104615917489927,0.07048736845475674,0.4295476002473019,0.4565352348273461,0.06301940543924514,0.4060451257321532,0.07440023400125563
0.3914712835344619,0.10906864299660313,0.07209413074154149,0.4273659427273935,0.4556355784720738,0.0639466251060783,0.4071154918477653,0.07330230457408254
0.3146082998422496,0.1842341673042543,0.02782083597651118,0.473336696876985,0.4892761787049001,0.026082791627788197,0.3478196164630567,0.13682141320425503
0.34204054339215184,0.1571366852932462,0.041331159367936326,0.4594916119466658,0.47208567530606915,0.044845701581063185,0.37078386114988926,0.1122847619629784
0.33765302347614784,0.16142494344181021,0.03835929731228328,0.4625627357697588,0.45622269217177214,0.05996210671009569,0.3593990153702808,0.1244161857478513
0.3366596735129152,0.16232712539237165,0.03789580159116227,0.46311739950355085,0.45209809979634863,0.06409625887475955,0.35573998438415866,0.12806565694473318
0.3167964192552617,0.1821714286066643,0.033533606524674846,0.4674985456133991,0.4398801525823898,0.0764072144449031,0.3558232868113594,0.12788934616134787
0.3178200324270939,0.18112619659978788,0.03398452996445423,0.46706924100866387,0.4389377056382568,0.07771464888854353,0.3562893896769051,0.1270582557962947
0.32823154995942044,0.17091505675573243,0.040511686531685166,0.4603417067531619,0.42276522564662156,0.09423218413640408,0.3655941664980492,0.11740842371892513
0.3208862097105284,0.17805372073012873,0.03606210332744896,0.46499796623189393,0.41152169772163333,0.10531560781781547,0.35439920466506786,0.1287634897954833
0.33150979973381006,0.167724447936481,0.043681382087215094,0.4570843702424938,0.4197689233158173,0.09779356613662675,0.3710310739232689,0.11140643662428718
0.32528527164714827,0.17404614148034034,0.043617864561841725,0.4570507223106697,0.4174931642990572,0.09998834248064029,0.37303481764233654,0.10948367557796589
0.2566053802758933,0.24241849910543137,0.022493951688036445,0.4784821689306388,0.41094317929029295,0.10444358646682084,0.3347200876345942,0.14989314660829206
0.20584961707568591,0.2946795944256023,0.04000829680969886,0.4594624916890128,0.38697852491755824,0.12995316609665514,0.3547209712026308,0.12834733778315582
0.22251835528702468,0.27865435908024194,0.0535138061678051,0.4453134794649284,0.40538171905303166,0.11263261311552274,0.3728757672607498,0.10910990057069575
0.2248875309243656,0.27692704805536383,0.06470910249755883,0.4334763185227117,0.422272629945986,0.09565175286049367,0.3786107432239683,0.10346487396955201
0.2306149688321672,0.2707618627299984,0.05737034918181044,0.44125281925602394,0.43031044888668196,0.08743431095527694,0.37023876775702524,0.11201647240101595
0.22875270455896715,0.2730022569689397,0.06666014246033355,0.4315848960117595,0.423886463228839,0.09400469564030563,0.3808461307082013,0.10126271042265407
0.22552301169729522,0.27554393905111374,0.055435869353979546,0.4434971798976116,0.4014891359191206,0.1162984155656505,0.37728869996165193,0.10492374855357704
0.24512569604250797,0.2550285724367652,0.04255874766095279,0.4572869838597739,0.40917792943383857,0.10872069008746099,0.36560506217123107,0.11649631830746934
0.24589585370722525,0.2541857534960485,0.04203888664976801,0.4578795061469584,0.40954632944963176,0.10747390721167573,0.3655973489921673,0.11738241434652538
0.25806338957995933,0.24211762062344738,0.04438399569756047,0.45543499409903265,0.41201667751916504,0.10551514392531762,0.37103492892235407,0.11143324963316321
0.27489999814535454,0.2255665706579173,0.05686888808692672,0.4426645431098015,0.43399000192349085,0.08394207964225849,0.3835126773739507,0.0985552410602999
0.23301303642077328,0.2674115856761886,0.04355923252364232,0.45601614537939583,0.4657940834416998,0.04976155782015114,0.34016840038682716,0.1442759583513219
0.26232146172283,0.23918493577899055,0.06922035522384697,0.4292732472743326,0.4793221483244216,0.03693409799655943,0.3608506543462224,0.12289309933279662
0.19831030507842173,0.3039102044059101,0.06780243369058778,0.4299770568250803,0.49641545417183314,0.01548264989399791,0.2905663334925584,0.1975355624416107
0.23807845612946826,0.2636453388662349,0.06434578412373224,0.43393042088056466,0.5054469011799398,0.007210668638318994,0.29872772969919886,0.18861470048254209
0.2368816963182066,0.2646863251845681,0.0632894766421509,0.43514250185507447,0.5052853928616793,0.007386466687652444,0.2984260588966773,0.188902081553991
0.21721129703028588,0.28384575846294097,0.050732049660409576,0.4482108948463637,0.5008239958699243,0.011065858917893233,0.2914641397072664,0.1966460055049159
0.19674370239079572,0.30725633069455094,0.09596234228161053,0.4000376246330428,0.48775142906837265,0.025947681025381027,0.32307142741466777,0.1632294624915784
0.1998304517096665,0.3030830647058474,0.07842628984379554,0.4186601937406906,0.4731168569674441,0.04195352164546041,0.33835174611388025,0.1465778752732153
0.0994317840835852,0.4021844100415989,0.035336638363544205,0.4630471675112717,0.439786726337243,0.06599972368534315,0.177517885974333,0.3166956640030809
0.11430565662922079,0.3866052281562539,0.023241690994127057,0.47584742422039816,0.4014986928518767,0.10277420728942262,0.14780330171837935,0.3479237981403215
0.11726017819951882,0.3834869149263688,0.021117891287185966,0.47813501558692634,0.40269782319931535,0.10197161134075688,0.15501698363772481,0.34031358182220295
0.11217696175052254,0.3887797831687216,0.02479725871945826,0.47424599636129755,0.4001877831242635,0.10379198705540395,0.1432728257231459,0.3527474040971865
0.1162153145606676,0.3848250744392596,0.021800344773928313,0.4771592662261446,0.40165673109357697,0.10295680322586502,0.15186407506869753,0.3435223906118606
0.12357593089625492,0.37699352463187846,0.018885734965292052,0.4805448095065746,0.40341263956365847,0.10151950727217926,0.15898256561763607,0.3360852875465263
0.11946276709427282,0.3812699434564573,0.018502591901688088,0.48076469754758183,0.414385298375601,0.0908038659835413,0.16519783030956292,0.3296130053312947
0.13570659572240465,0.36433505215731066,0.012989754886109204,0.4869685972341755,0.41927550108025424,0.08689594021333687,0.1820117756991015,0.3118167830073075
0.10127668820364036,0.40142969113378574,0.043132982707278236,0.45416063795529577,0.4048036627570055,0.09679310761842988,0.10689181059092193,0.3915114190336428
0.09864503902395115,0.4040873443567162,0.04272432882761059,0.45454328779172204,0.40689258123198785,0.094728306117494,0.10719629409813257,0.3911828185523856
0.1349059705949027,0.36621081926016574,0.02863064755878322,0.4702525625861483,0.42183395090614273,0.08164724416280773,0.13540712919619569,0.36111167573485387
0.13448544885074903,0.3665011120978827,0.028279732478179092,0.4707337065731892,0.42058303915214573,0.08305231737801565,0.13565998194051915,0.36070466152931946
0.1281250886504537,0.3726783627598063,0.022947436612897908,0.4762491119768423,0.4005770344311592,0.10363013097347723,0.14367660160503415,0.3521162329903294
0.12790793929364266,0.3727327058956812,0.02304079724002262,0.4763185575706535,0.40040204229870296,0.10384755693134143,0.1433825447557845,0.3523678560141712
0.1276320896292688,0.37321567837854003,0.02287493558009244,0.47627729641209865,0.39891295302386115,0.1053363191589698,0.14364090689287448,0.3521098209242947
0.1184698010594441,0.3824790563208806,0.022940752483589254,0.4761103901360859,0.38296536256109365,0.12157926003648103,0.14875086361455236,0.3467045137878729
0.09597196978027202,0.4057368083512873,0.028889791571310695,0.46940143029713005,0.3538572687979216,0.15241514414188223,0.16839458468723492,0.3253330023729612
0.10121096644567786,0.4002465267336443,0.026123271969025762,0.47241923485165205,0.3611526560756521,0.14524152933145923,0.17143157422353728,0.32217424036935133
0.1072806193872098,0.39384131447745224,0.02286237122414686,0.47601569491119117,0.37265147817576755,0.13452495277558124,0.18450275195019078,0.30832081709846043
0.10931494095672546,0.3916332210286018,0.022314107682313258,0.4767377303323593,0.3587188897216096,0.14796338107817758,0.17908295284553516,0.31423477635467756
0.11223394716996968,0.3886191852636755,0.021370970112296918,0.4777758974540579,0.3613834920772105,0.14506689321351784,0.17573906449017254,0.3178105502190991
0.11663104426398482,0.3839849157578033,0.01941396150414446,0.4799700784740674,0.36239255941082954,0.14440401624032032,0.1810419722926005,0.31216145205624973
0.1469563775636808,0.35292988789893714,0.00989665516578875,0.4902170793715932,0.39288699539160926,0.11459552374795055,0.19978719701864392,0.29273028384179633
0.15352378663293167,0.3459200010922175,0.008430933691786602,0.4921252785830642,0.3933381244526331,0.11441054189779963,0.20776196425475457,0.2844893693948126
0.1512349500751502,0.34837915970026356,0.00919289219748154,0.4911929980271048,0.3933644576311378,0.11384006020689778,0.19842441873801792,0.2943710634239464
0.15898988993011728,0.34054107972578934,0.008803786636092362,0.491665243708001,0.4071666079766233,0.09948833299668505,0.1913692496344192,0.30197580939227237
0.1517575857603405,0.34829754150057296,0.015716303572394064,0.48422856916669255,0.4081694438614251,0.09676994399418455,0.16298231780438258,0.33207829434000774
0.14508279991504988,0.3549898439508905,0.017406679314330285,0.48252067681972943,0.40265673701749904,0.10212568201465955,0.15759229126149024,0.3376252897063512
0.1562824640704733,0.3434869566004294,0.01425969544394723,0.48597088388515,0.40291040788064486,0.10247277238121974,0.16742044275623652,0.32719637698189885
0.15213717488623016,0.34764448755083094,0.012874647505855307,0.4873436900570836,0.39343720883047706,0.11206640243031107,0.1728524065360501,0.3216439822031618
0.10902387661793417,0.3924836958068698,0.02825020608868501,0.47024222148651096,0.3448965222929798,0.1596205545360724,0.14474008230686486,0.3507428408640828
0.1055378991734448,0.39619450234286435,0.03363631763052294,0.4646312808531678,0.3433436749648153,0.16044605796482383,0.1300855481424692,0.3661247189278916
0.08992296018415824,0.41330493891598075,0.056855252818214345,0.4399168480816467,0.30754379119657765,0.19489781207792223,0.09539090383094784,0.4021674928945522
0.08712765701224867,0.4165393503847365,0.0622667266279389,0.434066265975076,0.2995606516026396,0.2025744957775587,0.08918355223901842,0.40868130038078315
0.1027384417815633,0.3991470966030328,0.03527223461503948,0.46284222700036454,0.3389424062900895,0.164636417925122,0.12827024030665263,0.368150935478136
0.11444126479619081,0.3873313494805425,0.03554533805458432,0.4626820476686824,0.3539842251338887,0.1489991904076557,0.11928447093499858,0.37773211352345715
0.13688859418562707,0.36397140355363095,0.024387498933530316,0.4747525033272118,0.3578270063742667,0.14641080048370883,0.14072560197390685,0.35503659116811764
0.1368379672233416,0.36392057830802305,0.024445932821251192,0.47479552164738426,0.35740937968343534,0.14691493446824125,0.14039962432801648,0.35527606152030705
0.1333176700038018,0.3676949920460025,0.028456908331451106,0.47053042961874464,0.3512949234666579,0.15243049988998283,0.1315442514304507,0.3647303252129085
0.13992926148100543,0.36050271683725976,0.022688644063716557,0.4768793776180184,0.36501306458003135,0.1392863022761146,0.14421432748016155,0.35148630566369254
0.1381451773218077,0.3621893935771472,0.02099595958869025,0.47866946951235484,0.371615125686768,0.13298215992524587,0.14859130009959542,0.34681141428839063
0.158985031748193,0.3415515322123732,0.027230539006664507,0.47223289703276927,0.401385975427792,0.10243826023755591,0.14065727324497637,0.35551849108967565
0.1697024056238067,0.33036041174267883,0.019332499103984345,0.48060468352953023,0.41447165069804603,0.0903430671412927,0.16084028380308965,0.33434499835757153
0.16942827591411386,0.3306632207102069,0.018641716178529697,0.48126678719714944,0.4165737610515538,0.08840807031971688,0.16236481100359698,0.3326533576251323
0.17291055258519167,0.3272061807809639,0.020788420774321994,0.4790948458595224,0.41023364319622,0.09465232230977176,0.15850073260760114,0.3366133018864072
0.17718713819859389,0.32265038954583725,0.017956934304307243,0.4822055379512617,0.41466802177401574,0.09074036980861597,0.16657144179376537,0.32802016662360284
0.17428394413086362,0.3252800137644082,0.012730849370707134,0.4877051927340211,0.43285329271980594,0.07313760347336025,0.18065114791100137,0.3133579558958326
0.1730527699149162,0.3264213488690019,0.01234748636017344,0.4881783948559083,0.4310383935984834,0.07464761826338759,0.18097390414224745,0.3133400839958815
0.18131679710192652,0.3176420855338814,0.007596928496830501,0.4934441888673616,0.42969526374516454,0.07701238384321966,0.19955405938977475,0.29373829302184107
0.1984733755526352,0.3002633018780227,0.006608490287555594,0.4946548322817865,0.4402707612832595,0.06725426713709443,0.21429885202927154,0.2781761195503746
0.2013306762943027,0.2973787642251108,0.005714917329503229,0.4955756421510832,0.43964050193764753,0.06834357537156183,0.2207484663653779,0.27126745632541277
0.2185372193430002,0.27991451074127394,0.004698134143713488,0.49685013577201237,0.45070065908816676,0.05857174907555794,0.24784958335061472,0.24287800848566063
0.22280709222260217,0.27556814378435024,0.005227920934831721,0.49639684305821585,0.45471675300295106,0.054580932989321096,0.24896652356305543,0.24173579044467233
0.21924539435301393,0.2788884181494578,0.004666921318382843,0.4971992661791455,0.4509524351359678,0.05871252207122647,0.24993710576613407,0.2403979370266718
0.1787806083866219,0.3200519008064344,0.005237456281814537,0.495930034525129,0.459791415024654,0.04772663971349493,0.21402320241909614,0.27845874284275496
0.17866047786775413,0.32027902022412025,0.006147924015790318,0.4949125778923353,0.45131378934739824,0.056218415770290825,0.20705160580950566,0.28541618907280525
0.17894010543743433,0.32055878910962565,0.0064092570372695475,0.4940918484156704,0.4493367795968131,0.057979166590306414,0.2059548238404797,0.28672922997240086
0.25993573544332976,0.23859755530944338,0.010258077823430007,0.491208631423797,0.4195975023311325,0.09203073581778132,0.27272998862816267,0.21564177322292352
0.2837515485618054,0.21504940255774357,0.02373767832692405,0.47746137055352705,0.3913829580353277,0.12442335603835038,0.3322782475224069,0.15191543840391497
0.22616698063370655,0.2722257482306822,0.011231278594830557,0.4903759925407807,0.36978034315945657,0.143927513030263,0.2991188766503528,0.18717326715992771
0.17897112772209514,0.3198769708078012,0.006519029925312161,0.4946328715447913,0.30446317019664826,0.2042841938510321,0.20494379085989856,0.28630884509242116
0.18074004789184717,0.3182397268525674,0.006306006194431947,0.4947142190611535,0.3010876985845319,0.20787057246772075,0.20653469235574468,0.2845070365920028
0.18348766852929066,0.3152875940003829,0.005310151140341432,0.4959145863299849,0.2577292479752729,0.2527340207009815,0.2173520329099956,0.27218469841375004
0.17879894053193157,0.3200110251500377,0.006349871563509465,0.49484016275452125,0.2744522535426893,0.23489122949897986,0.2083851664250084,0.28227135053332253
0.16552948975831158,0.3336378979841071,0.00961336377020858,0.4912192484873729,0.2577693391365169,0.2513224345793628,0.1953580259208283,0.2955502003632921
0.16232826828933303,0.33704986353933025,0.011638423482618569,0.48898344468871824,0.2505597067889261,0.2582326976481514,0.18746113067649212,0.3037464648864305
0.1519702398621826,0.3478232021004142,0.014964373830730295,0.48524218420667287,0.2573961119278876,0.2507275069712602,0.17897896092451518,0.3128974201763371
0.15570420205214128,0.34387478606243765,0.01513213939193136,0.48528887249348973,0.2599103411611677,0.24786976743889258,0.17495387230861076,0.31726601909132895
0.1616368919155567,0.3378628886718382,0.013262960948409407,0.4872372584641956,0.2551209868724481,0.2529566995655827,0.1800719991861564,0.3118503143758129
0.15723714806119424,0.3436807109372798,0.02641527632192358,0.4726668646796025,0.26346227272806066,0.24205743889657766,0.13916128614579637,0.3553190022295653
0.13863981340510206,0.36231637720234994,0.025251545574843232,0.47379226381770473,0.25166652121442623,0.25510880353191445,0.1531882468348445,0.34003642841881465
0.14145863505261713,0.359277039339099,0.023568365423844818,0.47569596018443894,0.25479624707526766,0.2518796185532298,0.1558091746131661,0.33751495975833634
0.1414912412866554,0.35919439951600385,0.023508751031334086,0.4758056081660066,0.2551491921370041,0.25159047646199195,0.15613281776414875,0.33712751363685517
0.14099047772624754,0.35982371414311887,0.023971200369417984,0.4752146077612156,0.25798277681063003,0.24865128788519023,0.15445099590633887,0.338914939397841
0.11967085126974923,0.3812311510503002,0.021691439824007005,0.47740655785594344,0.29482648215315266,0.21240585819671948,0.1759812874103759,0.3167863722397519
0.13136404444271976,0.36938266565304706,0.020538868344616466,0.47871442155961685,0.3036937865362918,0.20278503707546994,0.16380830123011103,0.32971287515812714
0.15499936280559587,0.34437364929950554,0.008213531230564479,0.492413456664334,0.34271010164228455,0.16635157067151782,0.2163848774222931,0.27455345026390454
0.12090425693730991,0.3792639748020646,0.01783781240532433,0.4819939558553011,0.30634626158699463,0.20216807921365731,0.2030077346217617,0.28847792457758636
0.09404990808262124,0.40931567396018176,0.05652731735753334,0.44010710059966374,0.23067778310647502,0.2743505082184621,0.12266079327426711,0.37231091540079586
0.082078782497828,0.4225040786545545,0.07057175305701303,0.42484538579060444,0.21699334395846126,0.2877043395274307,0.1147219215159202,0.38058039499818797
0.0843840466555021,0.4198173164680184,0.06827478610504403,0.4275238507714354,0.20337754580859158,0.3022755376599885,0.12502676734229218,0.3693201491891278
0.08548735614741737,0.4184098365229433,0.06626769823801763,0.4298351090916217,0.20140220558190994,0.3044838218934485,0.12955799615690594,0.3645559763677354
0.08552423433161985,0.418976046877308,0.07671657309318916,0.41878314569788294,0.20079309491863293,0.30363286239535026,0.1103186081231935,0.38525543456282335
0.08959356950630822,0.4148363837218485,0.07833878647135532,0.41723126030048796,0.19499730082052577,0.30926345247462367,0.10693714861543373,0.3888020980894166
0.08455313979397652,0.4221139834151998,0.11241641705588469,0.380916459734939,0.12038642357894201,0.38652493222926626,0.1316974944869125,0.3613911497048793
0.09403541066291658,0.4123741425356614,0.10437378320903001,0.38921666359239204,0.10474758193496372,0.40377925853750685,0.14700902803124466,0.34446413149628485
0.11823824799511974,0.3881128177407351,0.11121362221581274,0.38243531204833253,0.1108119133901797,0.3950812816049584,0.10336808102781225,0.3907387239770496
0.1160273275531572,0.3882936508666034,0.0787517637724262,0.41692725780781315,0.11196654866089402,0.3955380711891346,0.13989052221274037,0.352604857937231
0.12050845321539522,0.38434170473314944,0.09074391496580925,0.40440592708564604,0.09683314868359598,0.4106993862632416,0.13533933987498412,0.3571281251781783
0.14529139925954232,0.3583768157475553,0.0718687193909589,0.42446306560194336,0.06891472706350825,0.440364235782829,0.15743889772244532,0.3332821394312174
0.11573162415170639,0.39025820974852893,0.10679527735107038,0.38721488874869436,0.05189502724824369,0.46060192037086956,0.20512837722219476,0.2823746751586921
0.10763342284630115,0.3980587285476727,0.09661557691062674,0.39769227169539934,0.08918658673199695,0.419758542594878,0.15570391886008617,0.335350951813039
0.10396974702455242,0.4015198193365371,0.09603001291321676,0.39848042072569373,0.09269050119579877,0.41632762640467513,0.15737481423688918,0.3336070581626371
0.11316524731953935,0.3951055015035619,0.1373134493576407,0.3544158018192581,0.06915862050355477,0.43918380990498534,0.14159447966831806,0.3500630899231418
0.17756486669275237,0.3309459263262085,0.1545457404484985,0.33694346653254054,0.08435830336119714,0.41920633448099354,0.06289669660755573,0.43353866555025367
0.17944325180448423,0.32902366128968924,0.15592908512055456,0.3356040017852719,0.0858481474466067,0.41757157513292553,0.060636053542493386,0.4359442238779744
0.1735697304639857,0.33479116533123543,0.15117291555262227,0.3404661886521565,0.0822815497367923,0.4216988948385836,0.0677645350466059,0.4282550203780182
0.15730526175222537,0.350706043372877,0.1410403086571561,0.35094838621774166,0.07445354237937298,0.4309088022712143,0.08802081097825527,0.4066168443711574
0.1637349726235045,0.3458927438991622,0.16956704485484256,0.3208052386224908,0.05800138840539675,0.44754673132601774,0.08890749818793758,0.40554438208064786
0.1674985572730797,0.3443587087386357,0.2075922187390335,0.28055051524925106,0.05835787372602854,0.446271815822265,0.07241015213705737,0.422960158314649
0.16168995382276552,0.35065742314347986,0.21457693472103573,0.2730756883127189,0.05704486285459785,0.44773035591640054,0.07457899735005845,0.4206457838789431
0.19800100987778818,0.3125844757403654,0.1968191742162167,0.29259534016562977,0.07435867331011833,0.428481062836156,0.05126625962769739,0.44589400422602826
0.20177199708429683,0.30857511004734994,0.1951016276512786,0.2945512652170746,0.07770198097040505,0.4249443810673084,0.04826497560839397,0.4490886623538926
0.18430077025299543,0.3268339406487695,0.20583875683321953,0.28302653226501545,0.08804606371257835,0.4141044949897671,0.041381854051518285,0.4564675872461363
0.18065344741893036,0.33070918242936836,0.209288928075257,0.2793484420764442,0.08478278364703964,0.41764537031366533,0.04362221074135547,0.4539496352979396
0.18399162981923808,0.3271885269270546,0.2069179020629966,0.2819019411907108,0.08265198004625277,0.4197138128769917,0.04499386098564942,0.452640346091106
0.18694091905282018,0.32367143514921637,0.1982459726708877,0.2911416731270758,0.08317260590880439,0.4192569867889246,0.04615091423917123,0.4514194930630996
0.1824132995545359,0.32813797910132975,0.19162691108654412,0.2978218102575903,0.10898463934460767,0.39216180366121306,0.032446308366070986,0.46640724862810834
0.17082634882334083,0.33873093315456926,0.17966143266981735,0.31078128535227256,0.09926112497951586,0.40288323251296854,0.0441447633472881,0.4537108791602275
0.17805194292214252,0.33101427039887027,0.1756898682282667,0.3152439184507205,0.09380880543293339,0.40864256881967537,0.04751640831909814,0.4500322174282931
0.17379359305664996,0.33399022936427075,0.15357968130184005,0.33863649627723913,0.10713119193668338,0.39492619130306883,0.049387374248654324,0.44855524251159334
0.0914595334902694,0.4157468638432513,0.11779557646012455,0.3749980262063547,0.08535507618061824,0.4247460554087443,0.16925026381053063,0.32064860460010686
0.0831647438706105,0.4241693213262806,0.12518124147669382,0.3674846933264151,0.09449330198239618,0.414955022256574,0.16154779152681292,0.32900388423421695
0.08250932702223013,0.4249159611744301,0.1230844090463675,0.3694903027569723,0.09483289445314654,0.41481934951136923,0.16506652407527084,0.3252812319602135
0.04943474049630983,0.46092711664342323,0.1683961890056071,0.32124195385465976,0.11464337888457865,0.3955933455613875,0.1774798191650447,0.31228345638898924
0.05911341118744012,0.4562322921175444,0.24996892435273937,0.23468537234227593,0.09920383849500583,0.4060022839021553,0.09343906341357815,0.40135481418926067
0.05822184215214328,0.45707339454887447,0.246425668000155,0.23827909529882715,0.10006775846291804,0.40485002610299387,0.09707204336527436,0.3980101720688137
0.03751772672177004,0.47822966875193346,0.25938001777868663,0.22487258674760977,0.12675980583473218,0.3763410266189109,0.07023952489094051,0.4266596426554164
0.0844923290627252,0.4365332027461979,0.35076583160792024,0.1282086365831566,0.06962473086626947,0.4339738184665893,0.06392393915023337,0.43247751151690783
0.08430950923236133,0.4369950939534918,0.3537338014109912,0.12496159540315571,0.07009959512722952,0.4333267600043164,0.061647505727132255,0.4349261391413218
0.06537262860116307,0.45508859114256917,0.3325798614739808,0.14695891878228692,0.08946351514597096,0.4124259260296072,0.03928673687947079,0.458823821944951
0.03196165619696303,0.4820912794532453,0.21233875938159805,0.2736083049681937,0.21219993161506048,0.2859204637754818,0.005349894768481202,0.4965297098409764
0.03178707492458712,0.48189294209745015,0.21054773102025665,0.27577225195770605,0.21333159911990046,0.28500677822337633,0.0056918728361380795,0.49596974982058506
0.04109689490223083,0.46893107107073323,0.15707570215595865,0.33289633187107726,0.2653693078180865,0.23326559684792406,0.01680160195388921,0.4845634933801002
0.04524269096977272,0.4634986016383547,0.13697724536525013,0.3542814620266225,0.2827842171304778,0.2157521671714173,0.02497210583035236,0.4764915098677525
0.03672072241021034,0.4732724416646926,0.15286611082678447,0.33714072509831255,0.2579133594029727,0.24064333534033416,0.020411449100029958,0.4810318561566632
0.03868720973172678,0.47115890944717753,0.1511010241240581,0.33905285669703766,0.25826496066373916,0.24030648364647272,0.021070046232374195,0.48035850945741404
0.03786332890960688,0.47164886545246937,0.15318590056237763,0.33730190507554614,0.25534059009567306,0.24311953571893066,0.020678539304410073,0.48086133488098615
0.039888404535514295,0.46972823455236107,0.1588351676138717,0.33154819329825286,0.24708241818001012,0.2515601488889589,0.019030133856820113,0.48232729907421085
0.010070374497738718,0.5004326322178909,0.16898401377234248,0.32051297951202784,0.2502498785719311,0.2485271705251747,0.02140789053525235,0.47981506036764177
0.01882040001777815,0.4924122515018984,0.17829076560085502,0.31047658287946844,0.18189850432414142,0.322425311475935,0.10435881236545314,0.3913173718344705
0.014014885006886107,0.49703793775899935,0.17806949977224917,0.31087767746186523,0.20074456509697375,0.30188657215939385,0.07988105575738386,0.4174878069862485
0.012214268251905918,0.4989619792944191,0.18095369423622973,0.3078700582174451,0.2029758863699907,0.29960181954032955,0.07858586658359763,0.4188364275060821
0.017554933488510827,0.4953351966037361,0.2059203123715915,0.28118955753616154,0.17712246846536975,0.3250675785027728,0.06849733203923258,0.42931262099262474
0.028963011439559934,0.4860083331647807,0.23439250249111082,0.2506361529045486,0.146823818406645,0.3554647291152054,0.06270418312272694,0.4350072693554227
0.06643144539027973,0.44923512089168394,0.2536726826853927,0.23066075103264358,0.09633571317347943,0.4079315699598432,0.07443673522049583,0.42129598164618154
0.06605277194367455,0.4498741589704094,0.2529245859807641,0.23114848310515182,0.09646516727352307,0.4075402633156013,0.07481187192940526,0.42118269748147036
0.0766353302305362,0.43906521675718857,0.2568792550862713,0.2274201979260039,0.08592697283861253,0.4183401156198975,0.07797035509440177,0.41776255644708815
0.09498013345512629,0.4208552754592177,0.2639567518526652,0.22020783923299092,0.08418702888791992,0.41874070775522165,0.05494715144316316,0.44212511191369536
0.09202520107829468,0.4223833351509079,0.23675915160634442,0.248832312164453,0.08867678144861345,0.4147724689976121,0.06382780681002648,0.432722942743748
0.09768285653253983,0.41746334741595564,0.2508524524008757,0.23400134365062866,0.08049394631439122,0.4231196743231369,0.06390917624075876,0.4324772031217131
0.11084819497765334,0.40740713027098835,0.30118173139016535,0.18056294336119288,0.07160423921725206,0.43135887195235645,0.05062193417840009,0.4464149546519914
0.08974223986328014,0.4281509429349826,0.2897990148752523,0.1923078023264849,0.06784302236748738,0.43742659819530216,0.08715758482464456,0.40757279461256585
0.09950940328963429,0.41760349239514033,0.2785891010620778,0.20429800325314745,0.0633324359948872,0.44200399317019495,0.08547245788075584,0.4091911129541619
0.09610196833825531,0.4206610319371277,0.2754433443990885,0.20779365532552846,0.06847453726522387,0.4364445815203424,0.07885497639624141,0.4162259048181923
0.09234140058303203,0.4243228871554444,0.27440780343571025,0.2089279088258133,0.0711741997482818,0.4333338274787571,0.07773607215359109,0.41775590061937
0.05685304254015505,0.4596779917454028,0.2659216588512651,0.2175473068631771,0.1035458847455598,0.3996067755171631,0.066486403854743,0.43036093588253416
0.06210146451456766,0.45509476740130267,0.27315040079548475,0.209653367288645,0.09696183593989859,0.40625697471521954,0.0666501038008773,0.4301310855440045
0.0505265106776527,0.46851047704923854,0.30263510738537674,0.17832790488773204,0.1065297596068377,0.3969821203101775,0.06310604270426591,0.4333820773787188
0.06219241665506834,0.4589204733172648,0.3403591519091915,0.13852795811847532,0.1220023391628306,0.3837674686580574,0.10070897076001817,0.39352122141909374
0.055868285262528315,0.46447820697104086,0.32588572860411347,0.1537677791623173,0.10876899777588268,0.39528026028417185,0.07830781873436803,0.41764292320557744
0.04592891424009797,0.47400855373047873,0.31418552952134093,0.16587700250808246,0.12237695599553568,0.3815044836200509,0.0747135971435049,0.4214049632409083
0.013616925033622582,0.5025497329126167,0.24506373400280676,0.23876960805095385,0.1760712087299508,0.32477930317173237,0.03218017086225654,0.4669693172360604
0.04327910937551044,0.4770658341993865,0.3178178716828114,0.16183718474229167,0.1201896939486724,0.3805110115657598,0.019822901788597337,0.4794763926969703
0.03510965769542469,0.48409053940573493,0.3022223618881055,0.1785774410107348,0.13189551195688232,0.368239199630282,0.013760367028845373,0.4861049213839904
0.042074168673809226,0.4771067310853972,0.30367954754385,0.17713955269694348,0.1291136644608076,0.37091313004726073,0.01460401287989275,0.485369192612039
0.03600037032065751,0.4816227223479287,0.28197263852270626,0.20040426880870757,0.14825387200897613,0.3509991339025878,0.009493056044405337,0.4912539380440308
0.03603666378068394,0.4819972693526758,0.2818672237021612,0.20009884316447907,0.1484902433314938,0.3508309657244853,0.009434044466669012,0.49124474647735183
0.03559497517177513,0.4812698931733867,0.26582063697055436,0.21731449468428374,0.16940627779045048,0.3297839384004393,0.006123919880986816,0.4946858639281234
0.035380525471775344,0.4817972077996307,0.2721223913367818,0.21069987539181217,0.16257587243224114,0.33702032513931074,0.007052711084207658,0.4933510913442405
0.042078385604300335,0.47781421858983103,0.315761421971456,0.16434597383441268,0.12256815119886978,0.3793827981039915,0.037816178156187125,0.4602328725409515
0.04138282890473526,0.47832180078719955,0.3141377837459779,0.16615758656208718,0.12211434605351228,0.3793732351431491,0.03552766687885815,0.46298475192448046
0.042355288202242505,0.4774277311714836,0.3163061537382167,0.16391082688805725,0.12174269265760979,0.3799643955421891,0.03735449788789111,0.46093841391230994
0.043386765343974225,0.4763841165637739,0.31780247342418605,0.16242664466806583,0.12067009793709399,0.3812410572129767,0.038150450018503285,0.4599383948314262
0.04099322426257888,0.4785332049891028,0.31420426689339165,0.16626930385492678,0.1251615275833299,0.376678519698035,0.040259729725457015,0.4579002229931779
0.025978343180745902,0.4921658201994833,0.28682133286340367,0.1950345037563673,0.14715959396171796,0.35349931849778443,0.02696426464063473,0.4723768228998629
0.042254850529554015,0.47750351162336674,0.3182559778272798,0.16198566001979944,0.12447074272483952,0.3765886971166968,0.030162496256713793,0.46877806390175
0.041139993384314545,0.4785906585586992,0.3166388631004493,0.16363048495653698,0.12552950297876114,0.37587704962359175,0.029946481920217885,0.46864696547742934
0.025435843592432977,0.4925452620389779,0.2855263185714596,0.19649257579712948,0.14790857266748778,0.35277138170814476,0.027264236862158366,0.472055808762209
0.0306242062667991,0.48782588517223835,0.29625442183555695,0.18529548672540563,0.13957000782142417,0.36165302565530083,0.03244831152404345,0.46632865499923165
0.037005920903356256,0.48202683459113305,0.30751847777734254,0.17344876672816814,0.12672593263917684,0.3745117915760345,0.028039192103422816,0.470723083681366
0.041734283190416985,0.4778515055369135,0.3166598186056183,0.16375439266705122,0.12452302849346308,0.3766601495547441,0.03680863177956781,0.462008190172225
0.008393994547927554,0.5053225543593219,0.2115771110352128,0.27470634005753763,0.2009089945368492,0.29977773933528384,0.0406442749117014,0.45866899121616556
0.060522033907019275,0.4502083177987787,0.16715274557936316,0.3221169027148389,0.2977838727366221,0.200771088561532,0.02082577508168204,0.4806192636201638
0.06276512265317719,0.447732254382385,0.16387714220594446,0.32562548075849346,0.3036412118116026,0.1951015483384505,0.02289078656473467,0.47836645328521227
0.06974516473706062,0.4412798576582209,0.17563622916187419,0.31333874844284426,0.33143872004817554,0.1679203161093159,0.03878852303590587,0.4618524408066027
0.06691735988146659,0.44375044157306276,0.17263895488306824,0.31669324366240253,0.318848700741745,0.17938439145683507,0.03102306134665964,0.4707438464547602
0.0464990063195803,0.4639206157273058,0.16145209030052798,0.32812828765258595,0.2906546566055996,0.20786304510262257,0.018559970654852542,0.4829223276369251
0.052103251590329726,0.45757767472494476,0.15684288673854097,0.33347618694618447,0.2942526286505467,0.2039484228452676,0.020161384455409118,0.48163756404877656
0.04632245104778775,0.4634378823753087,0.15264814499090887,0.33759152158599465,0.2862585704204717,0.21181587106997207,0.018912916191282676,0.48301264231827357
0.052792827005910405,0.45706179267993635,0.15673822299335696,0.33340715732079623,0.29486022683957397,0.20314970467171709,0.020357113372367154,0.4816329551163417
0.05290565473379176,0.4570903928560383,0.15772556556967682,0.33227838684049305,0.2935397033726021,0.204393392001273,0.019822884523573444,0.48224402010255146
0.05402927927042646,0.4559625504675661,0.15386122089453722,0.33614694936747014,0.29700590653261705,0.20107824505030683,0.021225849773912498,0.48068999864316353
0.05337247321747971,0.456265181289187,0.15406973229763704,0.33629261319569614,0.2967923313454602,0.2012114428212041,0.021098553199749424,0.48089767263358624
0.05110806496538455,0.4608816724268648,0.18706366468407118,0.30094659792367956,0.2879004264179664,0.2103014698667482,0.01958133548153898,0.4822167682337465
0.052867221144614104,0.45770587105817867,0.16330011223339477,0.3261267955638125,0.2943690536974572,0.20370052660801788,0.019769339140623638,0.4821610805539014
0.05900580337360886,0.45060367327883183,0.1575051387922304,0.3328853845553288,0.30015793249799977,0.1979474107178934,0.0218851650003629,0.4800094917837439
0.05615653623428093,0.45551251385753005,0.19382076904049222,0.29451018086769687,0.29138727486022264,0.20676193210825125,0.02214983940799252,0.47970095362353365
0.05500404348645966,0.4567668914741072,0.19120296241218818,0.297026102627245,0.27925406933401486,0.2188262965956794,0.016184508328362296,0.48573512574194333
0.05572050344807523,0.4554230754337905,0.1824378862166722,0.3064185349014621,0.2889238775585085,0.209306846627687,0.01884011002693712,0.48292916578686734
0.05775215662486799,0.4539083861807396,0.1858096249072182,0.30252983228717406,0.29771482151719847,0.20058592530689873,0.023399170191121386,0.4783000829847814
0.07675262919519613,0.4324075430893734,0.14665377998501533,0.3441860477304151,0.34289071107371216,0.15583166832155396,0.04085598827530623,0.4604216323294276
0.08156251154578477,0.4273567722063342,0.1425904995422461,0.3484902167056349,0.3510122002322028,0.14791840378593096,0.04521913095879558,0.45585026502307074
0.08458407130986241,0.42460840371849395,0.14591118526684263,0.34489633970480105,0.35747315292018933,0.14175664654737646,0.04949296029673744,0.451277240235697
0.07860014177184006,0.4313435709416798,0.15722562484758054,0.3328306624388995,0.3442597619809978,0.15469855751660427,0.042597711132928845,0.4584439693694692
0.07455338700500683,0.43578008423765563,0.1660226640859736,0.3236438646713639,0.33556874281114796,0.16348635112366713,0.03890285736364168,0.4620420487015433
0.0752326703756113,0.435017248691184,0.1630821683897596,0.32666791254344496,0.3390807889798253,0.1598833299924284,0.04045788587706833,0.460577995150678
0.08151501683192787,0.4273046535956205,0.14529063522940183,0.3458896943430498,0.357243613914676,0.14179616139230586,0.04924526446220023,0.45171496023081786
0.08246934487383939,0.42608136910786076,0.14134893629194953,0.35010034972635024,0.3609023958810037,0.13819418378914847,0.051237716355121844,0.449665703974726
0.07536440470566429,0.43437645139521075,0.15330851363170822,0.3369506302674168,0.3535197935506976,0.14585245209025235,0.0486534604814179,0.45197429387763216
0.07203674983978717,0.43808068955933654,0.15916739557297307,0.33071516502790327,0.35018484330482835,0.14910676400788664,0.047917852353649974,0.4527905403336349
0.12248009469396398,0.3853590063342503,0.12911167442944146,0.3630492245423442,0.44375915057561255,0.05936730324254272,0.12836520584226574,0.36850834033957897
0.12483050035261924,0.38301934678580773,0.12653792580584788,0.3656122270557253,0.44656154486445615,0.056843566866403294,0.13118413668504728,0.36541075158409336
0.12505969726317848,0.38266379394498284,0.12624592624706374,0.366030582544775,0.4468129198684217,0.05667946242185529,0.13122776206641817,0.36527985564330473
0.12680452062048247,0.3806578028689617,0.12463348431876918,0.36790419219178677,0.44699134876704066,0.05637663078289976,0.1306168234616292,0.3660151969884304
0.1393245430031612,0.3696814229828655,0.15407338608638,0.3369206479275933,0.46327885160273735,0.04163345716360297,0.16193565243317806,0.33315203880048155
0.1376144676772387,0.3704794254969374,0.141828690970029,0.3500774158557948,0.450009215645974,0.05342215556827477,0.1353073559952029,0.3612612727905485
0.14735605160775248,0.3601371937297827,0.1365739832854915,0.35593277137697343,0.45416340972198416,0.04892289425542673,0.1388072473040736,0.35810644871851544
0.14703743144740908,0.3601039685331162,0.13465668153259905,0.3582019184868757,0.4551798205495091,0.047960422497451284,0.14034049379149097,0.35651926316154875
0.12014606071164957,0.39084947770734013,0.19169444855228318,0.29731001302872706,0.44786119898897225,0.05707467385193712,0.1582863404600239,0.3367777866990668
0.13190593123281782,0.37858580339743825,0.18495425384966097,0.30455401152008305,0.4603805166354414,0.04496938373018438,0.1716393795464175,0.32301072008795684
0.1372919053795518,0.3729451230667542,0.1809859794158428,0.3087769921378512,0.4653380706708105,0.04025951928124012,0.17695734141626523,0.31744506863168426
0.14794153510201236,0.36223475832155905,0.17700686928981094,0.3128168372866177,0.47040875098021795,0.035438504977997595,0.17859750696321033,0.3155552370785742
0.1476042547320501,0.3622420611632091,0.17202789545358485,0.31812578865115604,0.46511436438633125,0.0399355575661829,0.16529501349581832,0.3296550645516675
0.1256043706181448,0.3852163852850412,0.1834022889947809,0.3057769551020329,0.44481345288706314,0.059316827273946986,0.14456991095478378,0.35129980888420614
0.14402687290843888,0.365378956758984,0.16517470181017974,0.32541946852239745,0.4609589624353302,0.043688010045844466,0.15723972057920546,0.3381133069396199
0.1638603147852295,0.34448775146146204,0.1566295805235924,0.3350223532297161,0.4694481805979345,0.035357997456631866,0.16284996150432238,0.33234386044111114
0.1445184596196728,0.36117969248975973,0.1050565957666538,0.3892452521239137,0.44669231572242657,0.055989743967006574,0.1255187141414183,0.3717992261691487
0.14548180915838604,0.3602539017341622,0.10476318495445885,0.389501104152993,0.44787694556502883,0.05494886265782496,0.12686993218954726,0.37030425958759894
0.15846886134493945,0.3489345209354627,0.13156608068460243,0.36103053703499544,0.4624809935669479,0.04153305616552725,0.14845467870043064,0.34753127156709435
0.1584950929877102,0.34875128862836613,0.1314969927754014,0.36125662560852234,0.46207431868653215,0.041553903972925695,0.14866606002628943,0.3477057173142527
0.22744322883648863,0.2778900596992229,0.12057937045147792,0.3740873410128105,0.495802066371527,0.011579993949111626,0.21807623089604194,0.27454170878331946
0.23516449461690034,0.2700049661418783,0.1193635569840367,0.37546698225718467,0.496049016399896,0.011548473784539243,0.22111825216788997,0.27128425764767483
0.2758112033622111,0.22574175812505357,0.06889883889477216,0.4295481996179632,0.4888811229914692,0.020559060677995948,0.246833026523002,0.24372678980753298
0.29272212614852794,0.20837976836395897,0.06101766032374611,0.43788044516376695,0.4921930087692311,0.019034235600463374,0.27716311941442645,0.2116096362158791
0.2932152405619028,0.2081548527140132,0.06222809987113255,0.43640180685295155,0.49116222254656394,0.019843805238914346,0.27474193706654426,0.21425203514797742
0.30937145659168525,0.19141688392968148,0.05735618304629997,0.44185547643233336,0.4923429061394644,0.020500652533613,0.3044862495064846,0.18267019182043795
0.33199811474598245,0.16835872090627424,0.06148024897268951,0.4381629153750537,0.4812401014825183,0.03247594593285771,0.3156907156998451,0.17059323688477904
0.3208399728828983,0.18013100453927783,0.06821634885824562,0.4308126737195782,0.48771468997608436,0.02530846683356455,0.30539775256940416,0.18157909062094693
0.29383120334817325,0.20658458579225858,0.054852687890393756,0.4447315229691744,0.49104347674182464,0.02022180629876312,0.28113825575194207,0.20759646120747025
0.24003895729488844,0.26447323748455265,0.10141022156171757,0.39407758365884127,0.5042902343591256,0.005521798546305631,0.25256929853994065,0.23761866855462796
0.21461271626799966,0.29030562528090526,0.10283843319388046,0.3922432252572146,0.5040028590648554,0.005386826650767083,0.2498233341001474,0.24078698018423003
0.23990313682892533,0.26304855871927174,0.07706122821257846,0.41998707623922454,0.5040961438240281,0.005751927127545498,0.253988103485392,0.23616382556303434
0.24104219073923783,0.2619347181464112,0.07659370289075523,0.42042938822359577,0.504609042536028,0.005480939758873631,0.25648089987713946,0.2334291178279589
0.24315667952095232,0.2592902605652227,0.07683979616914394,0.420713263744681,0.5039091835952113,0.005603408354636243,0.2580787659043049,0.23240864214584742
0.23415162804442788,0.26754521109322155,0.0551057835177477,0.4431973773446028,0.5014411704189456,0.007537372667820159,0.24587817925553182,0.24514327765770239
0.21761313017245787,0.28241326772778136,0.028686997524819527,0.47128660457494126,0.4938378376956424,0.01412486684348225,0.22750155128928956,0.2645357441715858
0.17129296584034512,0.33139009915899786,0.06266709009542602,0.43464984490523084,0.4895600994617536,0.016881304916930056,0.198841034679493,0.2947175609418232
0.1549431273965232,0.3463955606938793,0.040232064380835444,0.4584292475287621,0.4880865447321886,0.018689463532952075,0.20469009872211993,0.2885338930127393
0.2492613310842893,0.25150979884487035,0.04877024192026943,0.4504586281505709,0.4932755874684375,0.021477791520505312,0.3276344967222206,0.15761212428883653
0.3091278095764168,0.19263627714900983,0.07523814449918997,0.42299776877538336,0.45991381632385486,0.05863763643639202,0.39253325577175624,0.08891529146799701
0.3040571183617568,0.1979498492054854,0.07672822919217437,0.42126480324058335,0.4579526131373315,0.06105490242390695,0.39302533043327553,0.08796715400548599
0.3048616511827278,0.19724354415414952,0.07996552585381131,0.4179292788093114,0.459234124516173,0.05974948301766785,0.3938529945959054,0.08716339787025361
0.3248599696230568,0.17672427121213288,0.07749901796843246,0.42091674119637773,0.4588083035380486,0.06034360740292355,0.39795252916947044,0.08289555988955746
0.3116643281528497,0.18935949971341537,0.06766858536751236,0.4313075867662226,0.468597011257533,0.04960203726762214,0.3844142818534544,0.09738666962139052
0.3106455033533759,0.19022389566597914,0.06565458666118983,0.4334760143194551,0.47419497374327846,0.04382853419700939,0.37953946959776713,0.10243702246194507
0.31571520583006163,0.18582130227306345,0.07638278679320183,0.42208070510367307,0.47739670313488913,0.04045567162188523,0.3807846346323941,0.10136299061083162
0.33637337462836225,0.1646727022463377,0.07372615963035815,0.42522776349494207,0.474642114919379,0.043497697678409684,0.3869601747186973,0.09490001268351383
0.33535231193445164,0.16573006654311717,0.07380763757898137,0.42510998394344984,0.475159738894264,0.043215509243374556,0.386402239666197,0.09522251219616451
0.32336209895727946,0.1781103328314752,0.076258650434563,0.4222689177766823,0.47664926570270216,0.041133809111031074,0.38308833530703484,0.0991285898792319
0.3208880200841289,0.18086457142285023,0.07775950791912752,0.42048790057389324,0.47220851455671226,0.045870535874291594,0.3873769841622884,0.09454396540670773
0.32063560540929176,0.1808888290749743,0.07793126888188115,0.42054429663385273,0.4716686761511146,0.04632730486044665,0.38791541271753527,0.09408860627090351
0.32502531293274733,0.17644818080124966,0.0783641063060252,0.4201623999599778,0.4685581775505417,0.05006837794090903,0.39134836329251477,0.09002508121603463
0.3259504728383215,0.17548969346919496,0.07904085243972864,0.41951898125275483,0.46763701915095485,0.050898957057017816,0.39256256579243165,0.08890145799959565
0.34958087840146335,0.15305505201733766,0.1004032265058143,0.3969608430753847,0.4470891495889888,0.07329833846203028,0.4157135018756185,0.06389901007336228
0.35021695996362306,0.1528048622979252,0.10366619870260309,0.3933119790358486,0.43977316505381114,0.08098950137991388,0.4207544570931396,0.058482876473135534
0.3501518125516284,0.15288200819716977,0.1006366980336448,0.3963294812175571,0.4412123335991007,0.07936840343075223,0.41912893530695516,0.06029032766319189
0.3532112755246747,0.1493944827865734,0.1003539702823567,0.3970402714063951,0.4406372089718019,0.08007209061748209,0.41974078241960067,0.05954991799111521
0.35314203469663313,0.14974399483706533,0.1003342976601017,0.3967796728061998,0.4404420578120504,0.08025808315800494,0.41984480432291194,0.059455054707032585
0.3619918575995766,0.14102587464768124,0.09951734977907703,0.3974649179736653,0.4388877828041124,0.08206415304929215,0.42145721371896366,0.057590850427631825
0.362542718239314,0.13866255128988766,0.07733199009387012,0.4214627403769283,0.4167855370661429,0.10404294580652769,0.4136305810182157,0.06554093610911375
0.3495066579795873,0.15127092178311738,0.06485679048887727,0.4343656297484181,0.43120745033232866,0.0887945388135842,0.4012234019094779,0.0787746089446093
0.3480565251791626,0.15249295494998238,0.06278411546918995,0.4366664044016651,0.43879163629147305,0.08099502447644005,0.3986193172823445,0.08159402194974245
0.35560956935149735,0.14557052195177722,0.07966607837299322,0.4191538303237324,0.4468277408843209,0.07283500058484876,0.41062002778825646,0.06971723074257376
0.3249036319321526,0.17520825575598828,0.055405715305422945,0.44448239700643616,0.4728047470217899,0.044821029560813366,0.38026103704459274,0.10211318637280412
0.3085775711971988,0.19035502963571027,0.0298033001355672,0.47126409903152383,0.45849349131194334,0.057947295951601474,0.349488729451904,0.1340704832845512
0.2528073835163031,0.24569128618616756,0.009246763581128819,0.49225456671640067,0.48353141736430777,0.02906863893674877,0.2904187805660553,0.19698116313288808
0.3512106474567402,0.14830905706140943,0.05598448322087452,0.4444958122609758,0.41662128875145876,0.10200969709989736,0.3866708721750481,0.09469814197359586
0.3715057728815663,0.12887407665599715,0.07307445192146773,0.42654569854096874,0.3879204794340324,0.13269137909833822,0.39998408165063926,0.07940405981699014
0.3771582178118865,0.12442956272000795,0.084008566656697,0.41440365281140845,0.3921150675549406,0.12951304998633217,0.41563635828858214,0.06273552417014523
0.4177063199834103,0.0873918727882702,0.1476287852719873,0.3472730219563322,0.2960096531529715,0.22746043954430278,0.4378303609573218,0.03869954634540388
0.41763090076484305,0.08681457128068701,0.1496210247530204,0.3459335032014495,0.2962774511611325,0.22735190618733023,0.43943900211637243,0.03693164053516469
0.393621115108261,0.11103972750590493,0.14597496753752076,0.3493641898483134,0.28811091900537344,0.2354288698005669,0.44081840390008986,0.03564180729396978
0.3983950964441322,0.10563649534259482,0.1349627703602252,0.3610056378530479,0.2983492715906231,0.22476308368869777,0.43433515437364995,0.04255249034702915
0.39790257877515783,0.10613943067779649,0.1347338605241145,0.3612241300229311,0.3000463472654297,0.22299151805781042,0.4351994562550555,0.04176267842170448
0.3976960121756343,0.10662308305640872,0.13447799835469296,0.36120290641326386,0.3026435544332817,0.22071478640231174,0.4358443585185693,0.04079730064583738
0.39770858724855296,0.10628328480112763,0.13454419615112354,0.3614639317991958,0.3017894232736017,0.22156645803485966,0.43521516023069745,0.041428958460841256
0.39159162237893363,0.11265056960692339,0.13290257393297986,0.36285523408116316,0.3020856706795189,0.22117198981366215,0.43624466130023004,0.04049767820658883
0.39606288976660714,0.10880883286070865,0.1432729330843508,0.3518553442883333,0.2881840372670119,0.2354886181424859,0.43769332272755684,0.038634021862945386
0.3932014711579545,0.11127949191580691,0.14272995670971902,0.35278908021651956,0.28545403408813796,0.23819694378517156,0.43695446841004554,0.0393945537166451
0.3931719167723016,0.11134801768923334,0.14255501159627992,0.3529250539421851,0.2851256548513789,0.23852631331600926,0.4367534012156828,0.03959463061692903
0.3922365226611473,0.11265436659087953,0.14399520486861445,0.3511139058793588,0.2829208091328992,0.24052758536795782,0.4375874837706462,0.03896412172849658
0.39126869709151857,0.11367765447587977,0.1444026303551582,0.3506510180774434,0.2898248462692141,0.23374138560066846,0.440793938920712,0.03563982920940541
0.3967637272517533,0.10815135411807762,0.14535566469009675,0.34972925394007226,0.2896358404148949,0.23401963722032298,0.4398983183607968,0.03644620400398543
0.39518040639564833,0.10964665912979168,0.14490901470387774,0.3502639197706822,0.28986500117096076,0.2339353111903109,0.43994236084094573,0.036257326797782714
0.395177195104496,0.1096205241610429,0.14494120725729037,0.35026107347717084,0.2895544621316894,0.23427732789955205,0.43967347097731807,0.036494738991440526
0.39574625088087184,0.10912312869395432,0.14484943623848406,0.3502811841866897,0.28613848449584345,0.2377805200834685,0.4382039344853362,0.03787706093535181
0.3821080812541804,0.1221760901236957,0.13013263470593425,0.36558319391618965,0.28687637839351043,0.2365346608900091,0.4305214453267649,0.04606751538971561
0.3824340818496745,0.12211150641079495,0.1338309586502208,0.3616234530893099,0.28787783372192954,0.2355093891274187,0.43421840323287353,0.04239437391777841
0.38563238056129934,0.1190620876765903,0.13739581145606763,0.35790972030604273,0.2871230902064851,0.2363568098034438,0.4359815584931472,0.040538541496923826
0.38779921322562594,0.1168441365623449,0.13791354553944446,0.35744310467258456,0.28918366093668973,0.23462471138453306,0.4359872122934539,0.04020441538532331
0.38810291977471023,0.11655929447996834,0.14195376315308925,0.3533840225922323,0.2901378324346202,0.2338322250216346,0.4394448327936839,0.03658510975006119
0.38571788064637563,0.1192256700447172,0.1469839017862122,0.3480725475226949,0.2860718538646385,0.2377798947006187,0.44235926765177785,0.03378898378296491
0.39050528348262753,0.11453201835544194,0.14812450573635624,0.3468381924255743,0.28949460382104963,0.23439075227217643,0.4432415581350159,0.03287308577175808
0.3914482292433399,0.11354665188278837,0.1482089166728554,0.3467962022010163,0.2904086618029304,0.2336197557820522,0.44331207986035215,0.03265950255466546
0.3914364061360148,0.11377876499071948,0.14823856950717118,0.34654625936609457,0.29203802141254726,0.23208089861889794,0.4439554557554404,0.03192562421311444
0.3984484060086654,0.10726847186916565,0.15662897063977832,0.3376541514823906,0.29005824701411576,0.23419909792951094,0.44728591033394993,0.028456744722423346
0.3977110362878174,0.10813533813761438,0.15844102474393554,0.33571260083063253,0.288366884801268,0.23580086060925362,0.4481726870349068,0.027659567554571583
0.39710862007355446,0.10877004656006495,0.15999606973106423,0.33412526363531636,0.28716178258810365,0.23704273020095307,0.4487729178284407,0.02702256938250263
0.39767031250664375,0.10814916497501781,0.1598906877480271,0.3342898347703114,0.2877262121944124,0.23679876248637896,0.4485175368306773,0.02695748848853124
0.39543109722604547,0.11027341388086452,0.1574964683715389,0.33679902052155114,0.28862951010283455,0.23601561228633972,0.44744610532181095,0.027908772289014897
0.38999515441858607,0.11669687090152851,0.1713796340234791,0.32192834065640635,0.27866263564963256,0.24647832867281072,0.4522501717288904,0.022608863948666198
0.3901058863254642,0.11675688599002856,0.17119162068416408,0.3219456070003432,0.2613725580562664,0.2635481599150438,0.44612852074548004,0.028950761283209565
0.3883667058741973,0.11837009369722906,0.16948918500854773,0.32377401542002593,0.2612349107092861,0.26365208757733194,0.4453805163068819,0.02973248540649983
0.38682386764162124,0.11970526788811672,0.16792419030171066,0.32554667416855143,0.26067462034381855,0.26357168298827444,0.44544978093340315,0.030303915734503785
0.38673538515594114,0.11978816456719694,0.16807917610436973,0.32539727417249215,0.26263522432069686,0.2616091758909698,0.44642959016743056,0.029326009620902715
0.3880301395359618,0.11859474890981125,0.16973267662165387,0.32364243493257305,0.262144427119876,0.262144427119876,0.44682825686994393,0.028882888890304034
0.38871761803779825,0.11809573809043243,0.17038612449531168,0.32280051937645765,0.26202832993144626,0.26245101024853706,0.44683609610029884,0.028684563719718063
0.3886156951930253,0.11820077842736158,0.17061622814072736,0.3225672982388857,0.2658430124832148,0.25853851480628615,0.4485648611769371,0.027053611533561974
0.388669698395808,0.11799964026993627,0.17071853817596147,0.32261212315829413,0.2650391093663186,0.25936416010289587,0.44813613423838455,0.0274605962924009
0.38924132178260945,0.11781997836756819,0.17487146108179283,0.31806723876802956,0.2661498451993909,0.258301077546853,0.45053259629556236,0.025016480958193827
0.3896908149117749,0.11741407728991764,0.17665265518785,0.3162424526104574,0.26384063697566246,0.2607604289577363,0.45034120629128327,0.02505772777531793
0.3866817442969433,0.12032439009894502,0.1728437455628409,0.32015012004127075,0.2645931021462477,0.2600030952228884,0.44934355620502714,0.026060246425836802
0.384775560347026,0.12229465587304783,0.17266625886466555,0.3202635249152606,0.26479409135148735,0.2599012031541878,0.4493743607968757,0.02593034469744915
0.38292256656499696,0.12385426350420668,0.17258814508880393,0.3206350248419924,0.26365155116769806,0.2611742347034077,0.4490868421511794,0.026087371977714775
0.3752701151132352,0.1303298755202718,0.15175533943856698,0.34264466992792586,0.24181932482729754,0.28215711379967956,0.42962644342940975,0.046397117943613064
0.3748261522010219,0.1308066684595155,0.15157580544497748,0.34279137389448516,0.24165951060066695,0.2822304652160718,0.4295402757795106,0.046569748403750506
0.37428888888127826,0.13152458340218864,0.15743704686716364,0.3367494808493695,0.22823073468435412,0.2955793762145137,0.4270454787920472,0.04914441030908506
0.3849529815931941,0.12081133619770086,0.15849212479673866,0.33574355741236656,0.22898878155747288,0.29492677796496597,0.42404720619807695,0.0520372342794841
0.3855901896593744,0.12037213842196585,0.15827997604907035,0.3357576958695893,0.2280507801164568,0.29575463683608505,0.42367375528749074,0.05252082775996751
0.3897485704917829,0.11627451347321156,0.15786451910615937,0.33611239692884615,0.2229541558686056,0.30061840901099207,0.4186157575276854,0.05781167759271698
0.38986497839162454,0.11644322476271483,0.1632353535584551,0.33045644328720547,0.2240231930456858,0.29991140613516326,0.42314867276945556,0.05291672804969538
0.38995681857885495,0.11601563423813094,0.16455705962069023,0.329470487562324,0.22216200737758973,0.30162670572173444,0.42302865928471295,0.05318262761596286
0.3941403489679218,0.1119053620805814,0.1652155409828478,0.32873874796864905,0.22191320427109215,0.3019139251240032,0.42148599089517874,0.054686879709725966
0.39315988927366774,0.11278963833765816,0.16514643539115978,0.3289040369975142,0.22134276206994297,0.302179727396196,0.4215657554160977,0.0549117551177632
0.39371426191376974,0.11248151235624818,0.16579870991476112,0.3280055158152211,0.22742739864432984,0.2969906547736594,0.42505270452307914,0.05052924205893171
0.39305591962112496,0.1132802871843435,0.16605591169084677,0.32760788150368475,0.229228430887497,0.29482783382663047,0.4271382672895944,0.04880546799627813
0.3916693528215179,0.11468842545185558,0.16703965732496867,0.3266025644016579,0.23292945358035289,0.29122215274251545,0.4304516807317211,0.04539671294541058
0.3912231138077275,0.1149276444116577,0.1639171918657893,0.32993204991482544,0.23200228859987415,0.2916031889177383,0.4282449684445382,0.04814955403784941
0.3896221726097352,0.11650475843510799,0.16559364420472514,0.32827942475043176,0.23750304085180993,0.2865953729300887,0.4323835615071224,0.043518024710979035
0.3918607024315534,0.11411210391403546,0.16256674593704068,0.3314604477173704,0.24013657948082118,0.28383001504687955,0.43108044274005913,0.04495296273224029
0.3904430065347841,0.11570647108919796,0.16045662322114193,0.33339389915487605,0.24078806662704327,0.28329242345214883,0.4301648892018605,0.04575462071894742
0.3932698989764229,0.11219944447161638,0.15623945185590335,0.3382912046960574,0.24460514024436533,0.27903943202308296,0.42812006161598765,0.04823536611656421
0.39369099177072725,0.11193231283855327,0.1561908101647954,0.33818588522592413,0.24322559953269005,0.2805493601664697,0.42717839784925454,0.049046642451585784
0.37966938744722634,0.12572035005800844,0.1525476710369414,0.34206259145782386,0.23505466649161252,0.2889141932314347,0.4250782437358635,0.05095289654108928
0.3816170368170916,0.12388757583836556,0.15178461556550815,0.34271077177903464,0.22794064254357246,0.2958160734955866,0.4198766931820442,0.0563665907787969
0.38064421820103483,0.12488757634248257,0.150736781287857,0.3437314241686257,0.22794573769280363,0.29568648584425106,0.41959613179909977,0.056771644663845454
