V1,V2,V3,V4,Cost
1993.4832203786862,1993.4832203786862,2006.5167796213138,1993.4832203786862,0.0029379755403740495
2022.3247050954546,2022.3247050954546,2035.3582643380823,1964.6417356619177,0.48855624587392193
1899.4933415670353,2145.156068623874,1912.526900809663,2087.473099190337,0.48660229546644423
1969.7209218347919,2074.9284883561177,1842.2993205419064,2157.7006794580934,0.5335702774576456
1977.884149579898,2066.765260611012,1850.4625482870124,2165.8639072031992,0.5361238346579892
1905.986770217369,1994.867881248483,1778.5651689244835,2237.761286565728,0.5354763059296037
1825.2967825887008,2075.557868877151,1697.8751812958153,2318.4512741943963,0.5467394723532429
2001.8310076798193,2252.0920939682696,1874.4094063869338,2494.985499285515,0.571934380456609
2078.1711072417415,2175.7519944063474,1950.7495059488563,2571.325598847437,0.6023891084707365
1874.3799474714247,2379.5431541766643,1746.9583461785394,2775.116758617754,0.6021510341974113
1563.1252691280602,2690.797832520029,1435.7036678351749,3086.3714369611184,0.6782441524629766
2123.7400737058683,3251.412637097837,875.0888632573668,3646.9862415389266,0.7709482200693831
2291.435051088206,3419.1076144801746,707.3938858750291,3814.681218921264,0.9641112301705644
2095.655519660297,3223.328083052266,903.1734173029379,4010.460750349173,0.9648776041700002
1912.299085225619,3039.9716486175876,1086.5298517376161,3827.1043159144947,0.9613314357372089
1905.2209132012306,3047.049820641976,1079.4516797132278,3834.1824879388832,0.971140750054805
1957.475582315635,2994.7951515275718,1131.7063488276322,3886.4371570532876,0.9702533688709192
2215.003738771934,3252.323307983871,874.1781923713329,4143.965313509587,0.9781360391215982
1951.4318346424225,3515.8952121133825,1137.7500965008444,3880.3934093800754,0.9539620238876421
2269.8651280733757,3834.3285055443357,819.3168030698913,4198.826702811029,0.942842496155218
2471.739551219385,4036.202928690345,1021.1912262159003,4400.701125957037,0.8426310643899817
2443.651951949852,4064.2905279598776,1049.2788254854331,4372.613526687504,0.7437015087435855
2134.060648994249,3754.6992250042745,1358.8701284410363,4682.204829643108,0.740870346947744
2680.650290354145,3208.1095836443783,1905.4597698009322,4135.615188283212,0.7488487154469186
2536.3291137476904,3063.7884070379237,1761.1385931944778,4279.936364889666,0.8315458342398079
2334.072426079756,3266.045094705858,1558.8819055265435,4482.193052557601,0.8680112797438855
2568.6456806826104,3031.4718401030036,1793.455160129398,4716.766307160456,0.8459368504905651
2449.6146753407807,2912.440834761174,1912.4861654712279,4835.797312502285,0.8134342703335957
2426.7317252282346,2935.32378487372,1935.369115583774,4812.91436238974,0.8155703977556349
2609.4436698499508,3118.035729495436,2118.0810602054903,4995.626307011456,0.8191626962252359
2634.5918445446287,3143.183904190114,2092.9328855108124,4970.478132316778,0.719724192467247
3112.8410208370956,2664.934727897647,1614.6837092183455,4492.228956024312,0.7166533679336508
3025.005110778531,2577.0988178390826,1702.5196192769101,4580.0648660828765,0.7544677698254226
2927.5684343376215,2674.5354942799922,1605.0829428360005,4677.501542523786,0.7616744556129555
2772.7510154023166,2829.352913215297,1450.2655239006958,4832.318961459091,0.7621873711139736
2836.737499064887,2893.3393968778673,1514.252007563266,4896.305445121661,0.7527434163687873
2777.1045602736995,2952.9723356690547,1573.8849463544536,4955.938383912849,0.7235248293035129
2678.7895060569417,2854.657281452297,1672.2000005712114,4857.623329696091,0.7125473967720086
2797.305073507181,2973.1728489025363,1553.6844331209722,4976.13889714633,0.7518714527722892
2819.072724868041,2951.4051975416764,1531.9167817601121,4997.906548507191,0.7056978054418774
2841.2754663597134,2973.607939033349,1509.7140402684395,4975.703807015518,0.7014632735996007
2921.967368948572,3054.2998416222076,1429.0221376795807,4895.011904426659,0.6996274537640494
3022.8281376397745,3155.16061031341,1328.1613689883786,4995.872673117861,0.6905725023465954
3613.0308319962755,2564.957915956909,1918.3640633448795,4405.669978761361,0.6471966316424492
3470.4830359657635,2707.505711987421,2060.9118593753915,4548.217774791873,0.5887603027099757
3291.9755885121394,2886.013159441045,2239.4193068290156,4726.725222245497,0.5698625300189349
3233.7428619224706,2944.245886030714,2181.1865802393468,4784.957948835166,0.5376475393015281
3192.0479066470753,2985.940841306109,2222.881535514742,4743.262993559771,0.5441678093598327
3198.224567585015,2992.117502244049,2229.058196452682,4737.0863326218305,0.5498253324715318
3451.740842743143,2738.601227085921,1975.5419212945542,4990.602607779958,0.5475716064314194
3351.838483917744,2838.50358591132,1875.6395624691554,4909.4950333946435,0.5113559237559623
3300.8775246252762,2787.5426266188524,1926.600521761623,4858.5340741021755,0.543125102503682
2906.7206937416577,2393.385795735234,1532.4436908780044,4747.309095014206,0.5608160037099099
2970.022640927281,2456.687742920857,1595.7456380636277,4684.007147828583,0.7413564197572543
2871.3889999118032,2358.0541019053794,1497.11199704815,4585.373506813105,0.7303785873501502
2575.107441745392,2654.3356600717907,1200.8304388817387,4881.655064979517,0.7770266280548481
2637.8579703836367,2591.585131433546,1138.0799102434942,4818.904536341272,0.7751802162916426
2656.637924215341,2610.3650852652504,1156.8598640751989,4837.684490172977,0.7842069258851369
2581.23120472665,2534.9583657765593,1081.453144586508,4762.277770684286,0.777368246850701
2299.0698025881024,2817.119767915107,799.2917424479602,4955.560827177166,0.803851820629325
2110.013694868082,2628.0636601950864,988.3478501679806,4766.504719457146,0.7666886193138076
2399.6022742923756,2917.65223961938,1277.9364295922742,4943.90670111856,0.8341783345245889
2198.134760525891,3119.1197533858644,1479.4039433587586,4742.439187352075,0.7695589628830024
2782.8237293662323,2534.4307845455232,894.7149745184174,4157.750218511734,0.7977477110078739
3363.420146680238,1953.8343672315177,1475.311391832423,4738.346635825739,0.8888283553278578
3365.083297771751,1952.1712161400044,1473.6482407409096,4736.683484734226,0.7293234358314568
3365.4066972669343,1951.847816644821,1473.3248412457262,4736.360085239043,0.7299843577395111
3551.564819814676,1765.6896940970794,1659.482963793468,4922.518207786784,0.7302571803926957
3753.2156516160235,1967.3405258984271,1861.1337955948156,4720.867375985436,0.6502158796525714
3834.414393497862,2048.5392677802656,1942.332537476654,4802.066117867274,0.5640677208422156
3647.4936903701046,1861.618564652508,1755.4118343488963,4615.145414739517,0.5102506753199137
3533.0757682271537,1747.2006425095572,1869.829756491847,4729.563336882468,0.6010809666826722
3561.439162394828,1775.5640366772313,1898.1931506595213,4701.199942714794,0.5994938996034785
3354.0520261642423,1982.9511729078172,2105.580286890107,4493.8128064842085,0.5910048319846386
3214.679317635536,2122.323881436524,2244.9529954188138,4633.185515012915,0.6043623265752555
3035.9296145838853,1943.5741783848734,2066.203292367163,4454.435811961264,0.59308113637933
3008.102232866081,1971.4015601026776,2038.375910649359,4426.60843024346,0.6783866652130801
2932.846045949131,1896.1453731857277,1963.119723732409,4501.8646171604105,0.6916028338609126
3002.0030774820048,1826.988341652854,1893.9626921995352,4432.707585627537,0.7142977348566462
3039.1582281421665,1789.833190992692,1931.1178428596972,4395.552434967375,0.7168678126746435
3214.0265568677637,1964.7015197182889,1756.2495141341003,4570.420763692972,0.7057018449017444
3275.2304308398902,2025.9053936904154,1817.4533881062268,4509.216889720846,0.6903279287970461
3494.3859384047955,1806.7498861255099,2036.6088956711324,4728.3723972857515,0.6734134591103709
3325.58173135212,1637.9456790728348,2205.4131027238077,4897.176604338427,0.572737495898351
3413.376747846039,1725.7406955667539,2117.618086229889,4809.3815878445075,0.5608321551378578
3460.348749084305,1772.7126968050195,2070.646084991623,4856.353589082773,0.5654119959923403
3362.9848111445067,1675.348758865221,1973.2821470518245,4953.717527022572,0.5611480546167052
3345.5741535934976,1692.7594164162301,1990.6928046028336,4936.306869471562,0.589508863925168
3656.6353106435386,1381.6982593661892,2301.7539616528748,4625.245712421521,0.5908710279667889
3527.5299471250273,1252.592895847678,2430.859325171386,4496.140348903009,0.47476537391260365
3775.317076536286,1500.3800252589367,2183.072195760127,4743.927478314268,0.44717145721661977
3769.6494555890054,1506.0476462062172,2188.739816707408,4749.595099261549,0.45037862637664
3494.2384762598563,1230.636666877068,2464.150796036557,4474.1841199324,0.45004263293758595
3890.3850345138967,1626.783225131108,2068.0042377825166,4870.33067818644,0.43604749591974534
4285.004940360335,2021.4031309775464,1673.3843319360783,4735.049415967122,0.4349147578193549
4257.621724271863,1994.019914889074,1700.7675480245507,4762.432632055594,0.3839188203250726
4158.28564360272,1894.6838342199305,1601.4314673554072,4663.09655138645,0.38461501127205977
4124.635629940208,1928.3338478824423,1567.7814536928954,4696.746565048962,0.4357321911858743
4219.977295436448,1832.992182386202,1472.4397881966552,4601.404899552722,0.44790324267957027
4251.100885723178,1801.868592099472,1441.316197909925,4570.281309265992,0.4615530093185822
4417.140094636571,1967.9078010128653,1275.2769889965316,4404.242100352599,0.4659920493915745
4345.968776900974,2039.079118748462,1346.4483067321282,4475.413418088196,0.45800008598899655
4699.7828359741725,1685.2650596752633,992.6342476589296,4121.599359014997,0.45144708128822114
4784.223938875295,1600.8239567741405,908.1931447578069,4037.158256113875,0.4631002922431058
4595.339594888678,1789.7083007607578,719.3088007711896,4226.042600100492,0.4646474238447766
4460.59693798174,1654.965643853819,584.5661438642508,4360.78525700743,0.5435216937452647
4499.456380221432,1616.1062016141275,623.4255861039422,4399.644699247122,0.612521103112283
4494.332792108544,1621.229789727015,618.3019979910548,4404.76828736001,0.6000618676924883
4422.550664998091,1693.0119168374686,546.5198708806013,4476.550414470463,0.6012095561934677
4391.008887912338,1724.5536939232215,514.9780937948484,4445.00863738471,0.6216298674540837
4244.849996603249,1578.394802614132,368.819202485759,4591.167528693799,0.6347822178240509
4213.568222725348,1609.6765764920324,400.1009763636593,4622.449302571699,0.7017479429187758
4364.025522242363,1760.1338760090475,550.5582758806743,4772.906602088714,0.6972073965890917
4533.523023864792,1590.6363743866189,720.055777503103,4603.409100466285,0.6231757828216926
4754.70595927697,1811.8193097987973,941.2387129152816,4824.592035878463,0.5885133625960894
4942.620506340738,2114.492844181089,1243.9122472975732,4521.918501496171,0.46340282164599733
4888.943228602431,2168.1701219193956,1297.58952503588,4468.241223757865,0.32027425498357376
4862.072428156487,2141.2993214734515,1270.718724589936,4495.112024203809,0.31603690748614205
4782.84327919896,2220.5284704309784,1349.9478735474631,4574.341173161336,0.32672336003350755
4827.8235043966815,2265.5086956287,1304.9676483497415,4529.360947963614,0.31468528297286147
4957.288772074501,2136.0434279508804,1434.432916027561,4399.895680285795,0.31165132671974993
4948.970307857163,2144.3618921682187,1442.7513802448996,4391.577216068456,0.2756764662028186
4971.381756127806,2121.950443897576,1420.3399319742568,4369.165767797814,0.2755552904501203
4858.748135045925,2009.3168228156946,1307.7063108923755,4481.799388879695,0.27634634539049086
4973.278157114773,1894.7868007468464,1422.236332961224,4596.329410948543,0.3212449031607544
4933.386591765075,1801.451549626694,1515.5715840813764,4502.994159828391,0.2838480495143837
4960.467627477742,1907.597330383877,1409.4258033241933,4609.139940585575,0.27948898597080124
4878.853800680186,1989.2111571814323,1491.0396301217486,4527.526113788019,0.2835984250591462
4795.016681437817,2073.048276423802,1574.8767493641178,4611.363233030388,0.28041767988432126
4701.050538229704,2167.0144196319147,1668.8428925722308,4517.397089822275,0.2686122207964857
4986.451401360957,2479.512480041253,1981.3409529815694,4204.899029412936,0.26225054664021
4885.469299964011,2378.5303786443073,1880.3588515846236,4103.91692801599,0.14208961616679
4969.249569204119,2462.310647884415,1796.5785823445156,4020.136658775882,0.18054519255973786
4995.243027807721,2488.3041064880167,1770.585123740914,4046.1301173794836,0.18086358611586398
4690.834150907218,2183.895229587514,1466.1762468404113,3741.7212404789807,0.1775517835464343
4841.971262907817,2032.7581175869154,1617.31335884101,3892.8583524795795,0.31647253057809943
4587.473890177006,1778.2607448561046,1871.810731571821,4147.35572521039,0.25769764127757583
4536.4660540178165,1727.2529086969153,1922.8185677310103,4198.36356136958,0.2560904952183593
4769.498261710368,1494.2207010043635,1689.7863600384585,3965.3313536770283,0.2557893029288611
4775.986693579602,1487.7322691351296,1696.2747919076924,3971.819785546262,0.26432867143497357
4863.063620783046,1400.6553419316851,1783.3517191111368,4058.8967127497062,0.26192945122948574
4975.751571906281,1287.9673908084492,1670.6637679879009,4171.584663872942,0.23290389002140802
4891.556413812542,1420.6594050896263,1803.355782269078,4038.892649591765,0.24076323930435461
4957.595057298408,1354.62076160376,1737.3171387832117,3972.8540061058984,0.2227912530318513
4708.1812845260865,1105.2069888314377,1487.9033660108894,3723.4402333335765,0.22498065577985576
4974.832468357765,838.555804999759,1221.2521821792106,3456.7890495018983,0.3187163212308053
4771.578515120428,1041.8097582370956,1424.5061354165473,3253.5350962645616,0.33224264479367027
4887.887869230095,1158.1191123467627,1308.1967813068802,3137.2257421548948,0.30238298872649744
4978.523351298652,1248.75459441532,1217.5612992383228,3227.861224223452,0.2991327715820487
4934.4633168477785,1161.7412625617508,1304.5746310918921,3140.847892369883,0.3080787756320924
4770.543768191146,997.8217139051183,1468.4941797485246,3304.7674410265154,0.29379436321895563
4605.902927520231,1162.4625545760337,1633.13502041944,3469.4082816974305,0.29386147462066503
4616.911086790085,1173.4707138458878,1622.126861149586,3480.416440967285,0.29240206255305684
4665.649053561658,1222.2086806174605,1670.8648279211586,3529.154407738857,0.2929426183026321
4452.0492807821975,1435.8084533969209,1884.464600700619,3315.554634959397,0.2775211826031991
4206.2230441099,1681.6346900692183,1638.6383640283216,3069.7283982870995,0.2607184803041551
4345.699087038865,1821.1107329981837,1778.114406957287,2930.252355358134,0.36034246020969424
4036.7458553832257,2130.0639646538234,1469.161175301647,2621.2991237024944,0.31066229891293906
4198.536092895064,2291.854202165662,1630.9514128134856,2783.0893612143327,0.44777453158999964
4191.381807806602,2284.6999170772,1623.7971277250235,2790.2436463027943,0.4064542058339762
4096.578734774823,2189.8968440454205,1528.994054693244,2885.046719334574,0.40859382913355435
3696.435842760202,1789.7539520307994,1929.136946707865,2484.903827319953,0.4414687209855511
3501.239338881033,1594.55744815163,2124.3334505870343,2680.1003311991226,0.39682624323524973
2997.7554057369994,2098.0413812956635,1620.849517443001,3183.584264343156,0.37958713314552556
3507.7967910804955,1587.9999959521676,1110.8081320995052,3693.6256496866517,0.6877159001707407
3533.1651684681424,1562.631618564521,1136.1765094871519,3668.2572722990053,0.6901940264261648
3489.3614320278357,1606.4353550048274,1092.3727730468454,3712.0610087393115,0.6778237552304756
3524.2811609956884,1571.5156260369747,1127.2925020146981,3677.1412797714593,0.6982246045103511
3566.2132999474497,1529.5834870852134,1169.2246409664594,3719.07341872322,0.6826208923095808
3705.7967754653514,1669.1669626031148,1029.641165448558,3579.489943205319,0.6653733800882294
3797.2369947801935,1577.7267432882725,1121.0813847634004,3670.9301625201615,0.6698915914704047
3517.8402913650466,1857.1234467034192,841.6846813482535,3950.326865935308,0.6313331800453407
3576.5358206717538,1915.8189760101263,782.9891520415465,3891.6313366286013,0.7600570626243937
3791.378047881442,1700.976748800438,997.8313792512349,4106.47356383829,0.7652528829185404
3806.5810597717277,1685.7737369101521,982.6283673609491,4091.270551948004,0.6860460136310155
4012.6747891670125,1479.6800075148674,776.5346379656644,3885.1768225527194,0.6857105703818138
4011.252590358181,1481.1022063236987,775.1124391568329,3883.7546237438883,0.6751711952230313
4000.887204489887,1470.7368204554048,785.4778250251269,3873.3892378755945,0.6755541367424562
4121.745289190524,1349.8787357547678,664.6197403244901,3752.5311531749576,0.6749268439368791
4353.835994199926,1117.7880307453654,432.52903531508775,3520.4404481655556,0.6727001561019462
4384.445529428081,1148.3975659735197,463.1385705432421,3551.04998339371,0.6613023987884465
4431.173373946948,1195.1254104923876,509.86641506211004,3504.3221388748425,0.6542205212063706
4309.103060955231,1073.0550975006697,631.9367280538279,3626.39245186656,0.6351921035815277
4275.570256184756,1106.587902271145,665.4695328243032,3659.925256637035,0.6332489380615334
4313.476849039164,1068.6813094167362,703.3761256787119,3697.831849491444,0.6349666873574233
4462.721288790115,1217.925749167687,852.6205654296626,3847.0762892423945,0.6235767073356562
4505.34736119069,1175.2996767671114,895.2466378302382,3889.7023616429706,0.5790598802580625
4473.996848380133,1206.6501895776687,863.8961250196809,3921.0528744535277,0.5618527996239514
4597.162768657968,1329.8161098555033,740.7302047418463,4044.2187947313623,0.5759159637829485
4493.813224944807,1433.1656535686639,637.3806610286858,4147.568338444523,0.5825930800992775
4463.85073779255,1403.2031664164065,607.4181738764283,4117.6058512922655,0.6248445600517611
4548.537376438131,1318.5165277708252,692.1048125220098,4202.292489937847,0.6366076857392884
4458.9676672424175,1228.9468185751114,781.6745217177235,4112.722780742133,0.6102346718008265
4239.72243360494,1009.701584937634,562.4292880802461,3893.477547104656,0.6045424689611126
4189.129320721583,1060.2946978209911,511.83617519688914,3944.070659988013,0.6710620056077055
4055.01418744648,926.1795645458877,377.72104192178574,4078.1857932631165,0.6929713416433327
4029.397340656447,900.5627177558547,352.1041951317527,4103.80264005315,0.7442242231327592
4203.264347751766,1074.4297248511732,525.9712022270712,3929.9356329578313,0.7538938051881938
4065.8089815756125,1211.8850910273268,663.4265684032248,4067.390999133985,0.697528736973452
4243.172529425197,1034.5215431777417,840.7901162528098,4244.75454698357,0.6984189321090117
4247.178187313027,1030.5158852899128,836.7844583649809,4248.7602048714,0.6432060346576478
4216.225900547831,999.5635985247171,805.8321715997852,4279.712491636596,0.6433265521574186
4072.19968494844,1143.5898141241082,949.8583871991761,4135.686276037204,0.6557452147959233
4132.607550979449,1203.9976801551175,889.4505211681669,4075.2784100061945,0.6381252099972787
3882.7628221025466,1453.8424090320198,1139.2952500450692,4325.1231388830965,0.639034453995957
3947.6743208709627,1518.753907800436,1204.2067488134855,4260.21164011468,0.6318669618798424
3966.4873880206437,1537.5669749501171,1185.3936816638045,4241.398572964999,0.6037028168881069
3887.3410554268835,1458.420642356357,1264.5400142575647,4320.54490555876,0.6040987773937477
3913.725213310025,1484.8048002394983,1290.924172140706,4294.160747675618,0.5986453275268581
4091.069850340255,1662.1494372697284,1113.579535110476,4116.816110645388,0.5871534835074834
4109.059026084282,1644.160261525702,1095.5903593664495,4098.826934901362,0.5900582898132807
4184.63778608048,1568.5815015295043,1171.1691193626473,4023.248174905164,0.5902308698006757
4258.739791564669,1642.6835070136933,1245.2711248468363,4097.350180389353,0.5590954025973406
4283.870093627083,1617.5532049512783,1270.4014269092513,4072.2198783269387,0.5291569004273421
4365.675902446085,1699.3590137702804,1352.2072357282534,3990.414069507937,0.5183556202527408
4323.51205105048,1741.522865165885,1394.3710871238582,4032.577920903542,0.4783293028429613
4380.881140166613,1684.1537760497522,1337.0019980077254,3975.2088317874095,0.47493530523328037
4151.109662234485,1913.9252539818804,1107.2305200755973,3745.437353855282,0.4752483438351328
4025.194714508527,1788.0103062559224,1233.1454678015552,3871.3523015812398,0.5700669765589557
4001.780212662352,1764.5958044097472,1256.5599696477304,3894.7668034274147,0.5699244617095891
4419.654466558408,1346.7215505136915,1674.4342235437862,4312.641057323471,0.5698643508081062
4622.239955658645,1144.1360614134537,1877.019712644024,4110.055568223233,0.3822496359417078
4378.902395286719,900.7985010415281,1633.6821522720982,3866.7180078513074,0.2832294828105364
4099.324784754619,621.2208905094278,1354.104541739998,4146.295618383408,0.36506852426706
4120.300042583578,600.2456326804688,1375.079799568957,4167.270876212367,0.49848185238224263
3940.251048937036,420.19663903392666,1555.1287932154992,3987.2218825658247,0.49385651511759276
4059.582514977687,539.5281050745775,1435.7973271748483,4106.553348606475,0.4742428868583737
4203.218893892589,395.8917261596755,1292.1609482599463,4250.189727521377,0.49061783440044326
4176.218565948252,368.8913982153379,1265.1606203156086,4277.190055465714,0.5193644473810516
4075.6486242760725,469.4613398875174,1164.590678643429,4176.620113793535,0.5317160560790554
4047.0536409495485,498.05632321404164,1193.1856619699533,4205.215097120059,0.5536067262549204
4115.221815621471,429.8881485421185,1261.3538366418766,4273.383271791982,0.5535236348269986
3981.4481365951324,563.6618275684573,1127.5801576155377,4407.156950818321,0.5405086628524947
4105.912795396692,439.1971687668976,1003.1154988139781,4282.692292016762,0.5921571788510057
4067.2106791665537,477.8992849970358,1041.8176150441163,4243.990175786624,0.598445008559948
4068.0342102612053,478.7228160916872,1042.6411461387677,4243.166644691973,0.5922160366649716
4086.7870757622204,497.4756815927022,1023.8882806377527,4261.919510192987,0.5917478924507228
4324.503122733424,735.1917285639058,786.172233666549,4024.2034632217837,0.5949228075585128
4228.632650696905,831.0622006004247,882.0427057030679,4120.073935258302,0.6028977084360423
4409.8083636965985,1012.2379136001175,1063.2184187027606,3938.898222258609,0.6038784387237446
4215.535027188143,817.9645770916627,868.9450821943058,3744.624885750154,0.5265143135545597
3911.010004581005,513.4395544845244,564.4200595871674,4049.1499083572926,0.5722946761101987
4048.2472184531593,376.2023406123699,427.18284571501295,4186.387122229447,0.6880832147109504
3982.521008294392,310.4761304536024,492.9090558737804,4120.66091207068,0.7116505714444006
4020.439698780475,272.55743996751954,530.8277463598632,4158.579602556762,0.6951743317022694
3948.782957393603,344.21418135439137,459.1710049729914,4230.236343943634,0.688373615074904
3906.3609397903087,301.79216375109723,501.59302257628553,4272.658361546928,0.7113179566039142
3654.5455319300745,49.976755890863075,249.77761471605137,4020.8429536866943,0.7100343441061393
3574.7792445458103,-29.7895314934011,329.54390210031556,3941.0766663024297,0.6883554910879595
3384.986246087028,160.003466965381,519.3369005590977,4130.869664761211,0.6632080323518756
3542.7291682542204,2.2605447981887608,677.0798227262899,3973.1267425940196,0.684102290847899
3470.0373848820063,-70.43123857402529,604.3880393540758,4045.818525966233,0.6498603655832457
3315.1977316579582,-225.27089179807345,759.2276925781239,3890.9788727421846,0.6503319093158059
3642.3943086623767,-552.4674688024918,432.03111557370556,4218.175449746603,0.613499736159083
3955.371231773318,-239.49054569155038,745.008038684647,4531.152372857544,0.5894283042660081
3976.8020659294953,-218.05971153537286,723.5772045284695,4509.721538701367,0.6432992536994616
3786.8986642799014,-407.96311318496663,533.6738028788757,4699.62494035096,0.6450167288096702
3383.8084895887005,-4.872938493765787,936.7639775700766,4897.2848849578395,0.6489829258698228
3370.7465613739923,8.188989720942411,949.8259057847848,4910.346813172548,0.6651432463721217
3413.3116187886153,-34.37606769368062,907.2608483701617,4867.781755757925,0.6653829984531938
3522.7833374502175,-143.84778635528295,797.7891297085594,4758.310037096322,0.6645081287263528
3393.5698193167755,-273.0613044887249,668.5756115751174,4887.523555229764,0.6610448368595486
3195.8523977672717,-75.3438829392212,470.8581900256137,4914.759023220733,0.6532404964288671
3244.9544862724424,-124.44597144439194,421.75610152044294,4963.861111725903,0.6686925555367262
2939.365265097036,181.1432497310144,727.3453226958493,4658.271890550497,0.6734976778454769
2903.2556013963244,217.2529134317263,763.4549863965611,4622.162226849785,0.656577281579548
3000.6369506482924,314.6342626836945,666.073637144593,4719.543576101753,0.6550260787463289
3045.4668837915456,269.80432954044113,621.2437040013397,4764.373509245007,0.6814365115450307
3024.550964323478,248.88841007237366,642.1596234694072,4743.457589776939,0.6839804517192521
3138.982009569811,134.45736482604102,756.5906687157399,4857.8886350232715,0.6786575667754694
3274.42255527217,269.8979105283999,892.0312144180988,4993.32918072563,0.673237194751918
3366.186958098159,178.13350770241092,800.2668115921098,4901.564777899641,0.6907350279465827
3319.689799048684,131.63634865293642,846.7639706415843,4855.067618850167,0.6914198959669882
3407.1765120524215,219.12306165667354,934.2506836453214,4767.580905846429,0.6796641844127965
3929.405995474709,-303.1064217656139,412.02120022303393,4245.351422424142,0.6803773339870376
3989.2475340240303,-243.26488321629273,352.17966167371276,4305.1929609734625,0.642457879966705
4004.020499459758,-258.03784865202033,366.95262710944036,4290.419995537735,0.6572561089176153
4258.892167767824,-512.9095169600857,112.08095880137495,4545.291663845801,0.6547731277322711
3892.493202189827,-146.51055138208926,-254.31800677662153,4911.690629423798,0.6683285690868559
3913.3152313399296,-167.33258053219194,-233.49597762651885,4890.868600273695,0.7755900863789803
4148.077527852021,67.42971597990021,-468.258274138611,4874.369103214213,0.7708126804863049
3694.6456693953223,520.8615744365991,-921.6901325953098,4672.199038329088,0.8406587934989793
3761.2651360651817,587.4810411064585,-988.3095992651693,4605.579571659228,0.8321150865650888
3886.613956336447,712.8298613777234,-862.9607789939043,4730.9283919304935,0.8374380665619949
4395.8809003861825,1222.096805427459,-353.6938349441688,4759.804664019771,0.8885215941847842
4405.199414309789,1212.7782915038526,-344.3753210205625,4750.486150096164,0.9469951983773142
4584.385383509758,1391.9642607038213,-165.18935182059386,4571.300180896195,0.9460729163243567
4691.927200499445,1284.4224437141345,-57.647534830906935,4678.841997885882,0.9150626979936083
4594.568830058774,1187.0640732734646,-155.00590527157692,4581.483627445212,0.9001172140129418
4557.239079208529,1224.3938241237104,-117.6761544213312,4544.153876594966,0.9174537445731988
4546.064750981914,1213.2194958970952,-128.85048264794645,4532.979548368351,0.912888699356103
4443.817160107287,1110.9719050224685,-26.60289177331967,4635.2271392429775,0.9139426546467628
4924.705097741409,630.0839673883461,-507.4908294074421,4883.8849231229,0.9111257182807064
4449.83677264336,4.62583777311545,117.96730020778853,4490.656947261869,0.9606525205533575
4587.519986836523,142.30905196627822,-19.715913985374243,4628.340161455032,0.8015669347578254
4623.356810339688,106.47222846311234,-55.55273748854011,4664.176984958198,0.8482223649866107
4398.054379670705,331.7746591320956,-280.8551681575234,4438.874554289215,0.8529451039212624
4187.982850817377,541.846187985424,-490.9266970108518,4228.803025435886,0.862832618952565
3693.7994768400467,47.66281400809345,3.2566769664787216,4722.9863994132165,0.860575614088579
3694.4345205803074,47.027770267833205,3.8917207067389654,4722.351355672956,0.7978593054665598
3602.3402262536465,-45.066524058827966,95.98601503340014,4814.445649999617,0.7979249615093653
3444.0986576376554,113.17504455716308,254.2275836493912,4972.687218615608,0.7800901197149147
3560.1010337610696,-2.827331566251061,370.22995977280533,4911.310405260978,0.7921450400761385
3414.03460016813,143.23910202668856,224.16352617986573,4765.243971668038,0.7757462818073444
3230.769241991765,326.504460203054,40.898168003500246,4948.5093298444035,0.7721329254803494
3519.4611405983505,37.812561596468356,-247.7937306030854,4659.817431237818,0.7911527764301962
3394.7337555937756,162.53994660104328,-123.06634559851048,4535.090046233243,0.761310586577824
3428.6811597394153,196.48735074668332,-89.11894145287046,4569.037450378883,0.748639427597853
3465.577127277169,233.3833182844367,-126.01490899062384,4532.141482841129,0.7613212682087552
3926.918462400491,694.7246534077588,-587.3562441139459,4070.800147717807,0.7667371566886496
3876.59801807631,745.0450977319399,-637.676688438127,4020.4797033936256,0.8259670276711389
4151.364650607541,470.2784652007084,-912.4433209693585,4295.246335924857,0.821772971357272
4490.221261062393,131.42185474585654,-1251.2999314242104,3956.389725470005,0.8500917361528317
4277.483118158603,344.1599976496466,-1038.5617885204204,4169.127868373795,0.7710138741687911
4364.619171483713,257.02394432453684,-951.4257351953106,4256.263921698905,0.8213888005794656
4650.858816949416,543.2635897902392,-665.1860897296083,4542.503567164607,0.8338980813846183
4178.820517466803,1015.3018892728526,-1137.2243892122217,4985.458133352779,0.9370763597189269
4286.132740391286,907.9896663483698,-1029.912166287739,4878.145910428297,0.9424214264692468
4124.329260303633,1069.7931464360222,-868.1086862000867,4716.342430340645,0.9587476285421481
4220.687956834651,1166.1518429670405,-771.7499896690686,4619.983733809627,0.9458997512711496
4220.174666592563,1166.6651332091283,-771.2366994269806,4619.4704435675385,0.9532296110443964
4583.618648285309,1530.1091149018744,-1134.6806811197266,4256.026461874792,0.9531095326515464
4401.980568493319,1348.471035109884,-953.0426013277363,4437.6645416667825,0.9497854712054342
4966.557498270637,717.0091018738401,-1584.5045345637802,3806.2026084307386,0.9513850283381611
4925.502826137081,758.063774007396,-1543.4498624302244,3847.2572805642944,0.9080296146486448
4853.125900358642,685.6868482289569,-1471.0729366517853,3919.6342063427333,0.9131049234066346
4847.133750646111,679.6946985164266,-1477.0650863643157,3913.6420566302027,0.9088745693035272
4879.66248470801,647.1659644545281,-1444.536352302417,3881.1133225683043,0.9067642503671092
4992.719416134613,760.2228958811309,-1331.4794208758142,3994.170253994907,0.9036254775788826
4835.371805655583,602.8752854021003,-1488.8270313548448,4151.517864473937,0.9389712407983631
4844.689282713929,612.1927624604463,-1479.509554296499,4142.200387415591,0.9219905264117924
4989.947592360416,777.5558873861012,-1314.146429370844,3976.8372624899357,0.9235532537531368
4956.89204402123,724.395523767747,-1367.3067929891984,3923.6768988715817,0.9391944997279109
4867.396478391136,813.8910893978403,-1456.8023586192917,4013.1724645016748,0.9253982526252464
4484.272763258087,430.7673742647912,-1073.6786434862424,4396.296179634724,0.9312920863080442
4916.814570365476,863.3091813721808,-641.1368363788529,3963.754372527334,0.909073051366277
4277.036595209322,1669.4580157973828,165.01199804634928,4769.9032069525365,0.925389436310569
4293.261350474737,1685.6827710627977,181.23675331176418,4786.127962217952,0.8729920198611609
4460.514033274116,1852.935453862177,13.984070512384932,4953.380645017331,0.8669840054059978
4326.359282057973,1718.7807026460346,148.13882172852723,4912.464603766527,0.8293756345799623
4650.504927053806,1394.635057650202,-176.00682326730524,4763.389751237641,0.8455446967217053
4535.529682927736,1509.6103017762719,-61.03157914123537,4648.414507111571,0.9035657002121361
4623.973574601687,1421.1664101023214,-149.47547081518587,4559.97061543762,0.89226394104895
4525.4571962359105,1519.6827884680974,-50.959092449409766,4658.486993803396,0.9054796843891986
4502.416522478886,1496.6421147110732,-27.91841869238542,4681.527667560421,0.8909528572260328
4532.862007329424,1466.1966298605346,2.527066158153243,4711.973152410959,0.890847332222828
4543.742059025562,1455.3165781643963,-8.352985537985017,4722.853204107098,0.8885978727525182
4402.916965797237,1596.1416713927215,-149.17807876631005,4863.678297335423,0.8896350619500353
4506.097494877997,1492.9611423119618,-45.997549685550354,4760.497768254663,0.8870561424848638
4378.45004962693,1620.6085875630285,81.6498955655164,4632.850323003597,0.8901408273998533
4230.909218409556,1768.1494187804028,-65.89093565185789,4780.391154220971,0.8770825450730169
4138.143114342945,1675.3833147137923,26.875168414752693,4687.62505015436,0.8716891083833652
4304.2135289680755,1841.4537293389226,-139.1952462103775,4521.55463552923,0.8837894628171107
4365.243760219555,1902.4839605904024,-200.22547746185737,4582.5848667807095,0.8805809639391893
4529.653980334152,2066.894180704999,-35.8152573472604,4418.1746466661125,0.8692211821531677
4611.862651900649,2149.1028522714964,-118.02392891375754,4335.965975099615,0.825815793152616
4570.553404016946,2190.4121001551994,-76.7146810300546,4377.275222983319,0.8140163962937423
4259.890764694834,1879.749460833087,233.9479582920578,4687.937862305431,0.8023848592554814
4221.091762196576,1840.9504583348294,195.14895579380016,4726.736864803688,0.8160924007993263
4287.5051520036395,1907.3638481418923,128.73556598673724,4660.323474996625,0.8244162806031654
4056.719485096155,2138.149515049377,359.52123289422207,4429.5378080891405,0.8223478968461265
4019.9891234656116,2174.8798766799205,396.2515945247657,4392.807446458597,0.80825948926348
3927.8998968908354,2266.969103254697,304.16236794998935,4300.718219883821,0.8051963175494272
3884.4293138754874,2310.439686270045,260.6917849346412,4257.247636868473,0.8155714822582435
4181.449916177455,2607.4602885720124,557.7123872366085,4554.26823917044,0.8187995883709134
4193.25154245524,2619.261914849798,569.5140135143938,4542.466612892655,0.6661527929625386
4194.961473194243,2617.5519841107957,571.2239442533961,4544.176543631657,0.6616029429493167
4057.0734796359484,2479.663990552501,709.1119378116905,4682.064537189952,0.6613850213955879
4254.406040224574,2676.996551141127,511.7793772230649,4879.3970977785775,0.6603764880283812
4422.601910416252,2508.800680949448,343.58350703138626,4711.201227586899,0.597808438101625
4490.095120056753,2441.307471308947,411.0767166718875,4778.6944372274,0.6327615263100564
4464.290950022138,2467.1116413435625,436.88088670650313,4752.890267192784,0.6190560805762717
4231.182856005917,2700.2197353597835,203.772792690282,4985.998361209005,0.6187545433714972
4298.118903017828,2767.1557823716953,270.7088397021938,4947.065591779083,0.6094307877743343
4327.08092222815,2796.1178015820165,299.6708589125151,4918.103572568762,0.5844180045186055
4397.443958151487,2725.754765658679,370.0338948358527,4988.466608492099,0.5743221146912431
4480.455509590015,2642.7432142201515,287.022343397325,4928.521840069373,0.562466044298263
4358.014972507135,2520.302677137272,164.5818063144454,4949.037622847747,0.5773533269973368
4470.151949571827,2632.439654201964,276.7187833791372,4836.900645783056,0.6201809389040596
4596.463339679929,2506.1282640938616,403.0301734872398,4963.212035891158,0.5921426945464716
4271.524528728404,2181.189453142337,727.9689844387649,4638.273224939633,0.565837859595143
4275.465172072373,2185.1300964863062,731.9096277827341,4642.213868283602,0.651964773772602
4478.353484393888,2388.0184088078204,529.02131546122,4845.102180605117,0.649478442197544
4479.8882780062,2389.5532024201325,530.5561090735322,4843.567386992804,0.5977729900627848
4765.362130019918,2675.0270544338505,816.0299610872501,4870.958760993478,0.5973777640503196
4796.648682197852,2643.740502255917,847.3165132651839,4902.245313171412,0.4559717182693175
4949.055913919205,2389.4450983729744,1101.6119171481264,4647.949909288469,0.44463787775747415
4916.951366427876,2523.4378180258946,1235.6046368010464,4513.957189635549,0.39939381643282856
4941.861918293307,2498.527266160463,1210.694084935615,4538.867741500981,0.36352447119554115
4926.585679688129,2630.0796681790275,1342.2464869541793,4407.315339482417,0.36407858695619516
4908.192274057739,2464.8576219248953,1507.4685332083113,4572.5373857365485,0.3298906859402886
4822.928093177066,2550.121802805568,1422.2043523276382,4657.801566617221,0.2908760130860364
4717.627822856437,2444.8215324849384,1316.9040820070086,4552.501296296592,0.3079300646760384
4388.245589662984,2774.2037656783923,987.5218488135548,4881.8835294900455,0.3630304577522826
4275.03383874693,2887.4155165944458,874.3100978975012,4768.671778573992,0.42232350231691257
4437.685894654472,2724.763460686904,1036.962153805043,4606.01972266645,0.4522693918781423
4477.023700037149,2764.101266069582,997.6243484223654,4566.681917283773,0.4358621360543773
4488.86437342398,2752.2605926827505,1009.4650218091969,4578.522590670605,0.4330310416449086
4346.817976244518,2610.2141955032876,1151.5114189886597,4436.476193491142,0.4292759245717805
4122.394153065963,2385.790372324733,1375.9352421672143,4212.052370312587,0.4637253765549258
3849.5056500564133,2658.6788753342826,1103.0467391576647,4484.940873322137,0.5165643055820351
3593.260814878581,2914.923710512115,1359.291574335497,4228.696038144305,0.5757223566445063
3931.2462892453896,3252.909184878924,1697.2770487023058,4566.681512511113,0.6062694087946241
4129.746407973574,3451.409303607108,1895.7771674304902,4765.1816312392975,0.3722237917152472
4097.268714052234,3483.8869975284483,1863.2994735091502,4797.659325160637,0.2342712714469851
4119.297609726276,3461.858101854406,1841.270577835108,4819.68822083468,0.23505075164682346
4218.87477239173,3362.280939188952,1940.8477405005622,4720.1110581692255,0.2330265057003037
4152.734469397608,3296.1406361948298,1874.70743750644,4653.9707551751035,0.21760212479665725
4229.123091432265,3219.752014160173,1798.3188154717836,4577.582133140447,0.24818104161931642
4314.949456431307,3133.925649161131,1712.4924504727417,4663.408498139489,0.25734784389082044
4427.445267425152,3021.429838167285,1824.9882614665873,4550.912687145644,0.24847613538086177
4421.947359176766,3026.9277464156717,1819.4903532182009,4556.41059539403,0.23067308387573987
4347.263216674487,3101.611888917951,1744.8062107159217,4631.094737896309,0.23138740313562878
4462.466139928275,3216.8148121717386,1629.603287462134,4515.891814642521,0.24131850610102293
4456.837062205052,3222.4438898949625,1635.2323651853576,4521.520892365745,0.23627306769153214
4484.918272067636,3250.525099757547,1663.3135750479425,4493.43968250316,0.235872526657875
4489.347326919287,3254.954154609198,1667.7426298995938,4497.868737354811,0.22759629535109618
4602.549934207292,3368.1567618972026,1780.9452371875982,4611.071344642815,0.22558015511838495
4520.261632810454,3450.4450632940407,1863.233538584436,4693.359646039653,0.17141334309286074
4503.706520004411,3433.889950487997,1879.7886513904798,4676.80453323361,0.16206853676042554
4523.464145362435,3414.1323251299723,1899.5462767485044,4657.046907875585,0.1656149725728984
4530.205503131865,3420.873682899402,1892.8049189790747,4650.305550106155,0.16304206674594418
4580.035008246122,3371.0441777851447,1942.634424093332,4600.476044991899,0.1631537481170238
4377.587949021058,3573.4912370102084,2145.081483318396,4398.028985766835,0.15663154839741278
4303.259668234874,3499.1629562240237,2070.753202532211,4323.700704980651,0.15780034324899544
4393.02919646882,3409.3934279900777,1980.983674298265,4233.931176746704,0.18858800373359533
4556.246301652953,3246.1763228059453,1817.7665691141324,4397.148281930837,0.19742219836756816
4405.3658877970665,3095.295908950059,1666.8861552582462,4246.2678680749505,0.1829179675356735
4116.678482338057,3383.9833144090685,1955.5735607172555,3957.580462615941,0.2534705844491016
3882.829074527818,3150.1339065988304,1721.7241529070172,3723.731054805703,0.2907750073848081
4337.357264413657,3604.6620964846693,2176.2523427928563,4178.259244691542,0.42347476965158537
4431.779372452884,3699.0842045238965,2270.6744508320835,4272.6813527307695,0.1911536286867544
4520.341587428269,3610.5219895485116,2182.1122358566986,4361.243567706155,0.14455593182484291
4808.749702522221,3898.930104642464,2470.520350950651,4649.651682800107,0.13086553582534302
4821.069222793051,3886.6105843716336,2458.2008306798207,4661.971203070937,0.04264462796022725
4669.44742772958,4038.2323794351046,2306.5790356163498,4813.592998134408,0.041379125036729865
4597.915198058945,3966.7001497644687,2378.1112652869856,4742.060768463773,0.05092005008021179
4618.481471866692,3946.1338759567216,2357.5449914792384,4721.494494656025,0.056190666020150735
4644.087369895737,3920.5279779276766,2331.9390934501935,4695.888596626981,0.05649249682958615
4632.009748554037,3932.605599269376,2344.016714791893,4707.96621796868,0.057076259116797104
4581.9240839810245,3982.691263842389,2293.9310502188796,4758.051882541693,0.05690328527029571
4641.276647184104,4042.0438270454692,2353.2836134219597,4817.404445744773,0.0601440859972527
4660.186223104219,4060.953402965584,2334.374037501845,4798.494869824658,0.051607849034264346
4658.155918581395,4062.9837074884076,2336.404342024669,4800.525174347482,0.05281373216181952
4668.121190616408,4072.948979523421,2326.4390699896558,4810.490446382495,0.05279701517379248
4631.094394630163,4035.922183537176,2289.412274003411,4847.51724236874,0.05237876800391711
4676.2900772736375,3990.7265008937015,2334.607956646885,4802.321559725266,0.05260870326580659
4663.392673810869,4003.6239043564697,2321.710553184117,4815.218963188034,0.05004568019824449
4659.742472017315,4007.2741061500246,2325.360754977672,4818.869164981588,0.05085676273359705
4677.323605692465,4024.8552398251745,2342.941888652822,4801.288031306438,0.050921565124962695
4601.945186619091,4100.233658898549,2267.563469579448,4725.909612233064,0.05054199244739681
4623.323687907077,4078.8551576105633,2246.184968291462,4747.28811352105,0.06502954332790352
4642.868163583974,4059.3106819336663,2265.729443968359,4766.832589197947,0.062444272540744146
4624.585690418716,4041.0282087684077,2284.0119171336178,4785.115062363205,0.05896022596116675
4647.507597222184,4018.10630196494,2261.09001033015,4808.036969166673,0.05788402018206167
4678.1077533847165,4048.706458127473,2230.489854167617,4838.637125329205,0.05527609933255696
4639.450394719739,4010.049099462496,2269.147212832594,4877.294483994183,0.05342906977018756
4630.878679077098,4001.477383819855,2277.7189284752353,4885.866199636824,0.05099263085321269
4649.124374765952,3983.231688131001,2259.4732327863817,4867.62050394797,0.05055251094159093
4689.729392028913,3942.62667086804,2300.078250049343,4908.225521210931,0.05062859747477532
4700.167235293422,3953.064514132549,2289.640406784834,4918.66336447544,0.04363722358636504
4708.155714012452,3961.0529928515793,2281.6519280658035,4926.6518431944705,0.04303915728936988
4703.906280173587,3956.803559012714,2285.901361904669,4930.901277033336,0.04258153126329032
4690.469726252395,3970.240112933906,2272.464807983477,4917.4647231121435,0.042314249911827716
4761.487007301974,4041.257393983485,2201.4475269338977,4988.482004161722,0.04434384935185281
4841.503965714652,4121.274352396163,2281.4644853465757,4908.465045749044,0.040616510483784916
4833.706688287927,4129.071629822887,2273.6672079198515,4900.66776832232,0.04118561189969053
4826.553963673409,4136.224354437405,2266.514483305334,4893.515043707802,0.04256611569907213
4814.8076299260465,4124.478020690042,2254.768149557971,4905.261377455165,0.04379073794107209
4823.195460999366,4116.0901896167225,2263.1559806312907,4913.649208528484,0.043611230953034825
4827.168292164536,4112.117358451553,2267.12881179646,4917.622039693654,0.04246949951898874
4806.569640464373,4091.51870675139,2246.530160096297,4938.220691393817,0.041898963741359097
4797.240181903515,4100.848165312248,2255.8596186571554,4947.550149954675,0.0416679448723564
4818.848431267842,4079.239915947921,2234.2513692928283,4969.1583993190025,0.041656074208684814
4829.083316191689,4089.4748008717684,2244.4862542166757,4979.393284242849,0.03983696509178408
4809.691755107204,4108.866361956253,2225.0946931321905,4960.001723158364,0.039091020722438426
4794.914663920027,4123.64345314343,2210.3176019450143,4974.778814345541,0.04175610945528528
4808.035481238808,4136.76427046221,2197.1967846262337,4961.65799702676,0.042699937915537244
4677.261791226274,4267.537960474744,2327.9704746387674,4907.568312960706,0.043648580374814575
4675.095722631382,4269.704029069636,2325.804406043876,4905.402244365814,0.05901744087934169
4717.311120317806,4311.91942675606,2368.0198037303,4947.617642052238,0.05937912367470372
4810.637146952728,4218.593400121138,2461.345830365221,4854.291615417316,0.05952064739108123
4804.832377848497,4224.398169225368,2467.1505994694508,4860.0963845215465,0.05440931765992733
4757.037917379275,4272.19262969459,2514.945059938673,4907.8908449907685,0.054443745877093636
4784.160057516098,4245.070489557767,2487.8229198018494,4935.0129851275915,0.05476292652970529
4792.272762678809,4253.183194720478,2495.93562496456,4943.125690290302,0.05153904606082811
4825.392184068099,4220.063773331189,2529.0550463538493,4910.006268901013,0.05139813352606189
4832.219131588974,4226.890720852064,2522.2280988329735,4903.1793213801375,0.04964945065998904
4797.969851334571,4192.641440597661,2487.9788185785706,4937.42860163454,0.05030952684792687
4822.792917601112,4167.81837433112,2463.1557523120296,4912.605535367999,0.0479523019628914
4869.643409371779,4120.967882560453,2416.3052605413627,4865.755043597333,0.04745446802226071
4852.604294230789,4138.006997701444,2433.344375682353,4848.715928456342,0.046452499659706326
4918.576921377024,4072.0343705552086,2367.371748536118,4782.743301310107,0.048326696766144324
4898.152432509045,4051.60988168723,2387.7962374040967,4762.318812442129,0.04693481737376617
4888.757527406175,4061.0047867901003,2378.4013323012264,4752.923907339258,0.0470338489165216
4859.651585673078,4031.8988450570046,2407.507274034322,4723.817965606162,0.0485050139577132
4846.271787013814,4045.278643716269,2420.8870726935866,4737.1977642654265,0.048952227941845575
4938.966295215598,4137.973151918052,2328.192564491803,4644.503256063643,0.04906077063413543
4865.183458012047,4211.755989121603,2401.975401695354,4718.286093267194,0.058058335792777915
4859.577698444382,4217.361748689268,2396.3696421276895,4712.680333699529,0.059751103150032445
